ID,bigger,2,4,5,6,7,8,9,10,11,12,13,14,15,17,18,19,188,gift,gift2,nm,how many 0 ?,how many 1?,bigger
4,0,0,0,0,0,0,0,0,0,0,0,0,0,0,0,0,0,0,0,0,0,21,0,0
6,0,0,1,1,1,0,1,1,0,0,1,0,1,0,1,0,0,1,0,0,1,11,10,0
7,0,1,0,0,0,1,0,0,0,0,0,1,0,1,1,0,0,0,0,0,0,16,5,0
15,0,1,0,0,0,0,1,0,0,1,0,1,0,0,0,0,0,1,0,0,1,15,6,0
17,1,1,0,1,1,1,0,0,0,0,0,1,0,1,1,1,1,1,1,0,1,8,13,1
18,0,1,0,0,1,0,1,0,0,1,0,0,0,1,0,0,1,1,1,0,0,13,8,0
20,0,0,0,0,0,0,0,0,0,0,0,0,0,0,0,0,0,0,0,0,0,21,0,0
21,0,0,0,0,0,0,0,0,0,1,0,0,0,1,0,0,0,0,0,0,0,19,2,0
29,1,1,0,0,1,0,0,1,0,0,1,0,1,1,1,1,1,1,1,1,1,7,14,1
35,0,0,0,0,0,0,0,0,0,0,0,0,0,0,0,0,0,0,0,0,0,21,0,0
37,1,1,0,0,1,0,1,1,0,1,1,1,1,1,1,1,1,1,1,1,1,4,17,1
39,1,1,1,1,1,1,1,0,1,1,1,1,1,1,1,1,1,1,1,1,1,1,20,1
41,0,0,0,0,0,0,0,0,0,0,0,0,0,0,0,0,0,1,0,0,0,20,1,0
43,0,1,1,0,1,1,1,0,0,0,0,0,1,0,1,0,0,1,1,0,1,11,10,0
46,1,1,1,0,1,1,1,1,1,0,1,1,1,1,0,0,1,1,0,0,1,6,15,1
49,0,0,0,0,1,1,0,1,0,0,1,0,0,0,0,0,0,0,1,1,0,15,6,0
52,0,0,0,0,0,0,0,0,0,0,0,0,0,0,0,0,0,0,0,0,0,21,0,0
61,0,0,0,0,0,0,0,1,0,1,0,0,0,0,1,1,0,0,0,0,0,17,4,0
68,1,0,0,1,1,0,1,0,0,0,0,0,1,1,1,1,1,1,1,1,1,8,13,1
70,0,0,1,0,0,0,0,1,0,0,0,0,0,0,0,0,0,0,0,1,0,18,3,0
72,0,1,0,1,1,0,0,1,0,1,0,0,0,1,1,1,0,1,0,0,0,12,9,0
76,0,0,0,0,1,0,0,0,0,0,0,0,0,0,0,1,1,0,0,0,0,18,3,0
77,1,1,1,1,1,1,1,0,0,1,1,1,1,1,1,1,1,1,1,1,1,2,19,1
79,0,1,0,1,0,0,0,0,0,0,0,0,0,0,0,0,0,0,0,0,0,19,2,0
80,1,1,1,1,1,1,1,1,0,0,0,1,1,1,1,1,1,1,0,1,1,4,17,1
82,0,0,0,0,0,0,0,0,0,0,0,0,0,0,0,0,0,0,0,0,0,21,0,0
85,0,0,0,0,1,0,0,0,0,1,0,0,0,0,0,0,0,0,0,0,0,19,2,0
87,0,0,0,0,0,0,0,0,0,0,0,0,0,0,0,0,0,0,0,0,0,21,0,0
94,0,1,0,0,0,0,0,0,0,0,0,0,0,1,0,0,1,1,0,0,1,16,5,0
95,0,1,0,0,0,0,0,0,0,1,0,0,0,0,0,0,0,0,0,0,0,19,2,0
96,1,0,0,0,0,0,0,1,0,0,1,1,1,1,1,1,1,1,1,1,0,9,12,1
99,0,0,1,0,0,0,0,0,0,0,0,0,0,0,0,0,0,0,0,0,0,20,1,0
104,0,0,0,0,1,0,0,0,0,0,0,0,1,1,0,0,1,1,1,1,1,13,8,0
109,0,0,0,0,0,0,0,0,0,0,0,0,0,0,0,0,0,0,0,0,0,21,0,0
111,1,1,0,0,1,1,0,1,0,1,1,1,1,1,1,1,1,1,1,1,1,4,17,1
112,1,1,1,1,1,1,1,0,1,1,1,1,1,1,1,1,1,1,1,1,1,1,20,1
117,0,1,0,0,0,0,0,0,0,0,1,0,0,0,1,0,1,1,0,0,1,15,6,0
121,1,1,1,1,0,1,1,1,0,1,1,1,0,1,1,1,1,1,1,1,1,3,18,1
125,1,1,0,1,1,1,1,1,0,1,1,0,1,1,1,1,1,1,1,1,1,3,18,1
135,0,0,0,0,0,0,0,0,0,0,0,0,0,0,0,0,0,0,0,0,0,21,0,0
139,0,0,0,0,1,0,0,1,0,0,0,0,0,0,0,0,0,0,0,0,0,19,2,0
145,0,1,0,1,1,0,1,0,0,0,0,0,0,1,0,1,1,1,0,0,1,12,9,0
148,0,0,0,0,1,0,0,0,0,0,1,0,0,0,0,1,0,0,0,0,0,18,3,0
150,1,0,1,0,1,1,1,1,0,1,1,0,1,1,1,1,1,1,1,1,1,4,17,1
162,0,0,1,1,0,0,1,1,0,0,0,0,0,0,0,0,0,1,0,0,1,15,6,0
164,0,0,1,0,0,0,0,1,0,1,1,0,1,0,0,0,0,0,1,0,0,15,6,0
165,0,0,0,0,0,0,0,0,0,1,0,0,0,0,0,0,0,0,0,0,0,20,1,0
169,0,0,0,0,0,0,0,0,0,0,0,0,0,0,0,0,0,0,0,0,0,21,0,0
172,0,0,0,0,1,0,0,1,0,1,0,0,0,1,0,1,0,1,0,1,0,14,7,0
173,1,0,0,1,1,1,1,1,1,1,1,1,1,1,1,1,1,1,1,1,1,2,19,1
176,1,1,0,1,1,1,1,1,1,1,1,1,1,1,1,1,1,1,1,1,1,1,20,1
178,0,0,0,0,1,0,0,1,0,0,0,0,0,0,0,0,0,0,0,0,0,19,2,0
180,0,0,0,0,0,0,0,1,0,0,1,0,1,1,0,1,1,0,0,1,0,14,7,0
183,0,0,1,0,1,0,0,0,0,0,0,0,0,0,0,0,0,0,0,0,0,19,2,0
185,1,1,1,1,1,0,1,1,0,1,1,1,0,0,1,1,1,1,1,1,1,4,17,1
187,0,1,1,0,1,0,1,0,0,1,0,0,0,1,0,1,1,1,0,0,0,12,9,0
188,0,0,1,0,0,0,1,1,0,0,0,0,0,0,1,0,0,1,0,0,0,16,5,0
189,1,1,0,0,1,1,1,1,1,1,1,1,1,1,0,1,1,1,1,1,1,3,18,1
191,0,1,0,0,0,0,0,0,0,0,0,0,0,0,0,0,1,0,0,0,1,18,3,0
194,1,1,0,0,1,1,0,1,0,1,1,1,0,1,1,1,1,1,1,1,1,5,16,1
198,1,1,1,1,1,1,1,1,1,1,1,1,1,1,1,1,0,1,1,1,1,1,20,1
200,1,1,0,1,0,1,0,0,0,0,1,0,0,1,0,1,1,1,1,1,1,9,12,1
210,0,1,0,0,1,1,0,0,0,0,0,0,0,0,0,1,0,1,0,0,1,15,6,0
211,1,1,1,1,1,1,1,1,1,1,1,1,1,1,1,1,1,1,1,1,1,0,21,1
213,0,0,1,0,0,0,0,1,0,0,0,0,0,0,0,0,0,0,0,0,0,19,2,0
214,0,0,0,0,0,0,0,0,0,0,0,0,0,0,0,0,0,0,0,0,0,21,0,0
215,0,0,1,0,1,0,0,0,0,1,0,0,0,0,1,0,0,0,0,0,0,17,4,0
218,0,0,0,0,0,0,0,0,0,0,0,0,0,0,0,0,0,0,0,0,0,21,0,0
219,1,1,1,0,1,1,1,1,1,1,1,1,1,1,1,1,1,1,1,1,1,1,20,1
225,1,1,0,1,1,1,1,1,1,1,1,1,1,1,1,1,1,1,1,1,1,1,20,1
230,0,1,1,0,1,0,0,1,0,0,0,0,0,0,0,0,1,1,0,0,1,14,7,0
243,0,0,0,0,1,0,0,0,0,0,0,0,0,0,0,0,1,0,0,0,0,19,2,0
250,0,0,0,0,1,0,1,0,0,1,1,0,0,0,0,0,1,0,0,0,0,16,5,0
251,0,0,1,0,1,1,0,0,0,0,0,0,0,1,0,1,0,0,0,0,0,16,5,0
252,1,1,1,1,1,0,1,1,1,1,0,1,1,1,0,0,1,1,0,1,1,5,16,1
260,0,0,1,0,0,0,0,0,0,0,0,0,0,0,0,0,0,0,1,0,0,19,2,0
264,0,0,0,0,0,0,0,0,0,1,0,0,0,0,0,0,0,0,0,0,0,20,1,0
265,0,0,0,0,0,0,0,1,0,1,0,0,0,0,0,1,0,0,0,0,0,18,3,0
268,1,1,1,1,1,0,1,0,0,1,0,1,0,0,1,0,1,1,0,0,1,9,12,1
280,1,1,0,1,1,1,0,0,1,1,1,1,1,1,1,1,1,1,1,1,0,4,17,1
283,0,1,0,1,0,1,0,0,0,1,0,0,0,0,1,0,0,1,0,0,0,15,6,0
293,1,1,1,0,1,1,0,1,0,0,1,1,1,1,0,1,1,1,0,1,1,6,15,1
300,0,0,0,0,0,0,0,0,0,0,0,0,0,0,0,0,0,0,0,0,0,21,0,0
306,0,0,0,0,1,1,0,1,1,1,0,0,0,0,0,1,0,0,0,0,0,15,6,0
308,0,0,1,0,0,0,0,0,0,0,0,0,0,0,0,1,1,1,0,0,0,17,4,0
313,1,1,0,1,1,1,1,1,1,1,1,1,1,1,1,1,1,1,1,1,1,1,20,1
314,0,0,0,0,0,0,0,0,0,0,0,0,0,0,0,0,0,0,0,0,0,21,0,0
319,1,1,1,1,1,1,1,1,1,1,1,1,1,1,1,1,1,1,1,1,1,0,21,1
324,1,1,0,1,1,1,1,1,1,1,1,1,1,1,1,1,1,1,1,1,1,1,20,1
325,1,1,1,1,1,1,1,1,1,1,1,1,1,1,1,1,1,1,1,1,1,0,21,1
326,1,1,0,1,1,1,1,0,1,0,1,0,1,1,1,1,1,1,1,1,1,4,17,1
327,1,1,0,1,0,1,1,1,1,0,1,1,1,1,1,1,1,1,1,1,1,3,18,1
328,0,0,0,0,0,0,0,0,1,0,0,0,1,0,0,1,1,1,0,0,0,16,5,0
330,0,0,0,0,0,0,0,0,0,0,0,0,0,0,0,0,0,0,0,0,0,21,0,0
331,0,1,0,1,1,0,1,1,1,0,0,0,1,1,0,0,0,1,0,0,1,11,10,0
334,1,1,0,1,1,1,1,1,1,1,0,1,1,1,1,1,1,1,1,0,1,3,18,1
340,1,1,1,0,0,1,0,0,1,1,1,0,1,1,0,0,0,1,1,1,0,9,12,1
341,1,1,0,1,1,1,0,0,0,1,1,1,1,1,1,0,1,1,1,1,1,5,16,1
350,0,1,0,0,0,1,1,1,1,1,0,1,0,0,0,0,0,1,0,0,1,12,9,0
353,0,0,0,1,1,0,0,0,0,0,1,0,0,0,0,0,1,0,0,0,0,17,4,0
355,1,1,0,0,1,1,0,0,0,0,0,1,1,1,1,1,1,1,1,1,1,7,14,1
357,0,0,0,0,1,0,0,1,0,0,0,0,0,0,1,1,0,0,0,0,0,17,4,0
359,0,0,0,0,0,0,0,0,0,0,0,0,0,0,0,0,0,0,0,0,0,21,0,0
363,0,0,0,0,0,0,0,0,0,0,0,0,0,0,0,0,0,0,0,0,0,21,0,0
366,0,1,1,1,0,1,0,0,0,1,0,1,0,0,0,1,1,1,0,0,1,11,10,0
368,0,0,0,0,0,0,0,0,0,0,0,0,0,0,0,0,0,0,0,0,0,21,0,0
373,0,0,0,0,0,0,1,1,1,1,0,0,0,0,0,0,0,0,0,0,0,17,4,0
378,0,0,0,0,1,0,0,0,0,0,1,0,0,0,0,0,0,0,0,0,0,19,2,0
384,0,1,0,0,0,1,0,0,0,1,0,0,0,0,0,0,0,1,0,0,1,16,5,0
387,0,0,0,0,0,0,0,0,0,0,0,0,0,0,0,0,0,0,0,0,0,21,0,0
388,1,1,0,1,1,1,0,1,0,1,1,1,1,1,1,1,1,1,1,1,1,3,18,1
390,0,0,1,0,0,0,0,0,0,0,0,0,0,0,0,0,0,0,0,0,1,19,2,0
393,0,1,0,1,0,0,0,1,1,0,1,0,0,0,0,0,0,1,0,0,0,15,6,0
403,1,1,0,1,1,1,1,0,1,1,1,1,1,1,1,1,1,1,1,1,1,2,19,1
404,0,1,0,1,1,0,0,0,0,0,1,1,1,0,0,0,0,1,1,1,0,12,9,0
405,0,0,0,0,1,0,0,0,0,0,0,0,0,0,0,0,0,0,0,0,0,20,1,0
406,1,0,0,0,1,0,1,0,1,1,1,0,1,1,1,1,1,0,0,1,1,8,13,1
408,1,1,1,1,1,1,0,1,0,1,1,0,1,1,1,1,1,1,1,1,1,3,18,1
410,0,0,0,0,0,1,0,0,1,1,1,0,0,0,0,1,1,0,0,0,0,15,6,0
411,1,1,0,1,1,1,0,1,1,1,1,1,1,1,1,1,1,1,1,1,1,2,19,1
413,0,0,0,0,0,0,1,1,0,0,0,0,0,0,0,0,0,0,0,0,0,19,2,0
414,1,0,0,1,1,0,1,1,0,1,1,0,0,1,1,1,1,1,1,0,1,7,14,1
415,0,0,0,0,1,0,0,0,0,0,0,0,0,0,0,0,0,0,1,0,0,19,2,0
420,0,0,0,0,0,0,0,0,0,0,0,0,0,0,0,1,0,0,0,0,0,20,1,0
428,0,0,0,0,1,0,0,0,0,1,1,1,0,0,0,1,1,1,1,1,0,12,9,0
429,1,1,1,1,0,1,0,0,1,1,1,1,1,1,1,1,1,1,1,1,1,3,18,1
430,0,0,0,0,0,0,0,0,0,0,0,0,0,0,0,0,0,0,0,0,0,21,0,0
431,0,0,0,0,1,0,0,0,0,0,1,0,0,0,0,1,1,0,0,0,0,17,4,0
436,0,0,0,0,0,0,0,0,0,0,0,0,0,0,0,0,0,0,0,0,0,21,0,0
437,0,0,0,0,0,0,0,1,1,1,0,0,0,0,0,0,0,1,0,0,0,17,4,0
440,0,0,0,0,1,0,0,1,1,0,0,0,0,1,0,0,0,1,0,0,1,15,6,0
448,1,1,0,1,1,1,1,0,1,1,1,1,1,1,0,1,1,1,1,1,1,3,18,1
451,0,0,0,0,0,0,0,0,0,0,0,0,0,0,0,0,0,0,0,0,0,21,0,0
458,0,0,0,0,0,0,0,0,0,0,0,0,0,0,0,0,0,0,0,0,0,21,0,0
466,1,0,1,0,1,1,0,0,1,0,1,1,1,0,1,1,0,0,1,1,0,9,12,1
467,0,1,1,0,0,0,0,1,0,0,0,0,0,0,0,0,0,0,0,0,0,18,3,0
472,0,0,0,0,1,0,0,1,0,0,1,0,0,1,0,1,1,0,0,0,0,15,6,0
473,0,0,0,0,0,0,0,0,0,0,0,0,0,0,0,0,0,0,0,0,0,21,0,0
477,0,1,0,0,1,1,0,1,0,1,0,0,0,1,1,0,1,0,1,0,1,11,10,0
481,0,0,0,1,0,0,0,1,0,0,0,0,1,1,0,0,0,1,0,1,1,14,7,0
483,0,0,0,0,0,0,0,0,0,0,0,0,0,0,0,0,0,0,0,0,0,21,0,0
484,1,1,0,1,1,1,1,1,1,1,1,0,1,1,1,1,1,1,1,1,1,2,19,1
489,0,0,0,0,0,0,0,0,0,0,0,0,0,0,0,0,0,1,0,0,1,19,2,0
492,1,0,0,0,1,0,1,1,1,1,0,1,1,1,1,1,1,0,1,1,1,6,15,1
499,0,0,0,0,0,0,0,1,0,0,0,0,0,0,0,0,0,0,0,0,0,20,1,0
506,0,0,0,0,0,0,1,0,0,0,0,0,0,0,0,0,0,0,0,0,0,20,1,0
508,1,1,0,1,1,1,1,0,1,1,1,1,1,1,1,1,1,1,1,1,1,2,19,1
509,0,0,0,0,0,0,0,0,0,0,0,0,0,0,0,0,0,0,0,0,0,21,0,0
511,1,1,0,1,1,1,1,1,1,1,1,1,1,1,1,1,1,1,1,1,1,1,20,1
514,1,1,1,1,1,1,1,1,1,0,1,0,1,1,1,1,1,1,0,1,1,3,18,1
515,0,1,1,0,1,0,0,1,0,0,0,0,0,0,1,1,1,1,1,0,1,11,10,0
521,1,1,0,1,1,1,1,0,1,1,1,1,1,1,1,1,1,1,1,1,1,2,19,1
522,0,0,0,0,0,0,0,0,0,0,0,0,0,0,0,0,0,0,0,0,0,21,0,0
526,1,1,0,0,1,0,0,1,0,1,1,0,1,1,1,0,1,1,0,0,1,9,12,1
527,0,0,0,0,1,0,0,0,0,0,0,0,0,0,0,0,0,1,0,0,0,19,2,0
528,1,1,0,1,1,1,0,1,1,0,1,1,1,1,1,1,1,1,1,1,1,3,18,1
529,0,1,1,0,0,0,1,0,0,0,0,0,0,0,0,0,0,0,0,0,1,17,4,0
530,1,1,1,1,1,1,1,1,1,1,1,1,1,1,1,1,1,1,1,1,1,0,21,1
542,1,1,0,1,0,1,0,0,1,1,1,1,1,1,1,1,1,1,1,1,0,5,16,1
547,0,0,0,0,0,0,1,1,0,0,0,0,0,0,0,0,0,0,0,0,0,19,2,0
550,1,0,0,0,1,1,0,0,0,1,1,1,1,1,1,0,1,0,1,0,0,10,11,1
551,0,0,0,0,1,0,0,1,0,1,1,1,0,1,1,1,1,0,0,0,0,12,9,0
554,0,0,0,0,1,0,0,0,0,0,0,0,0,0,0,0,0,0,0,0,0,20,1,0
555,1,1,0,1,1,1,0,0,1,1,1,1,1,1,1,0,1,1,1,1,1,4,17,1
559,0,0,0,0,0,0,0,0,0,0,0,0,0,0,0,0,0,0,0,0,0,21,0,0
560,0,0,0,0,1,0,0,1,0,1,0,0,0,0,1,0,1,0,0,0,0,16,5,0
564,1,1,1,0,0,0,0,1,1,1,1,1,1,1,1,0,0,0,0,0,0,10,11,1
565,0,0,0,0,1,0,0,0,0,0,0,0,0,0,0,0,0,0,0,0,0,20,1,0
570,1,1,0,1,1,1,1,1,0,1,1,1,1,1,1,1,0,1,1,0,0,5,16,1
575,0,0,0,0,0,0,0,0,0,0,0,0,0,0,0,0,0,0,0,0,0,21,0,0
579,0,0,0,0,0,0,1,0,0,0,0,0,0,0,0,0,0,0,0,0,0,20,1,0
580,0,1,0,0,1,0,0,0,0,0,1,0,0,0,0,0,0,0,0,0,0,18,3,0
582,1,1,1,1,1,1,1,1,1,1,1,1,1,1,1,1,1,1,1,1,1,0,21,1
589,1,1,0,1,1,1,1,0,1,1,1,1,1,1,1,1,1,1,1,1,1,2,19,1
590,0,0,0,0,0,0,0,0,0,0,0,0,0,0,0,0,0,0,0,0,0,21,0,0
593,1,0,0,0,1,1,0,1,1,1,1,1,1,1,1,1,1,0,1,1,0,6,15,1
595,1,0,0,0,0,1,0,1,1,1,1,1,0,1,1,1,1,0,1,1,0,8,13,1
601,0,0,0,0,0,0,1,0,0,1,0,0,0,0,0,0,0,0,0,0,0,19,2,0
602,1,1,0,0,1,0,0,1,0,1,1,0,1,1,1,1,1,1,0,0,0,9,12,1
604,0,0,0,0,1,1,0,1,0,1,0,0,0,0,1,1,1,0,1,1,0,12,9,0
605,0,0,0,0,0,1,0,0,1,0,1,0,0,1,0,1,0,0,0,0,0,16,5,0
606,0,1,0,1,0,0,1,1,0,0,0,0,0,0,0,0,0,1,0,0,0,16,5,0
609,1,1,1,1,1,1,1,0,1,1,1,1,1,0,1,1,1,1,1,1,1,2,19,1
611,0,0,0,0,1,0,0,0,0,0,1,0,0,1,0,0,0,0,0,0,0,18,3,0
615,0,1,0,1,0,0,0,1,1,1,1,0,0,0,0,0,0,0,1,0,0,14,7,0
621,1,1,0,1,1,1,1,0,1,1,1,1,1,1,1,1,1,1,1,1,1,2,19,1
630,0,0,0,0,0,0,0,0,0,0,0,0,0,0,0,0,0,0,0,0,0,21,0,0
631,1,1,1,1,1,1,1,1,0,1,1,1,1,1,1,1,1,1,1,1,1,1,20,1
634,0,0,1,1,1,0,1,0,0,0,0,0,0,0,0,0,1,1,0,0,0,15,6,0
641,0,0,0,1,0,1,0,0,0,0,0,0,0,0,0,0,0,0,0,0,0,19,2,0
643,0,0,0,0,0,0,0,1,0,1,0,0,0,0,0,0,0,0,0,0,0,19,2,0
645,0,1,0,1,0,0,0,1,1,0,0,1,1,0,1,0,1,1,0,0,1,11,10,0
648,0,0,0,0,0,0,0,0,0,1,0,0,0,0,0,0,0,0,0,0,0,20,1,0
650,1,1,0,0,0,1,1,0,1,1,1,1,1,1,1,1,1,1,1,0,0,6,15,1
652,1,1,0,1,0,1,1,1,1,1,1,1,1,1,1,1,1,1,1,1,1,2,19,1
659,0,0,0,0,0,0,0,1,0,0,0,0,0,0,0,0,0,0,0,0,0,20,1,0
660,1,1,0,1,1,1,0,0,0,0,1,1,1,1,0,0,0,0,1,1,0,10,11,1
662,1,1,0,1,0,0,1,1,0,1,1,0,0,1,1,0,1,1,1,1,1,7,14,1
667,0,0,1,0,0,0,0,0,0,0,0,0,0,0,0,0,0,0,0,0,0,20,1,0
671,1,1,1,1,1,1,1,1,1,1,1,1,1,1,1,1,1,1,1,1,1,0,21,1
673,0,0,0,0,1,0,0,1,0,1,1,0,0,0,1,1,0,0,0,1,0,14,7,0
681,0,0,0,0,1,1,0,1,1,1,1,0,1,0,0,0,0,0,1,0,0,13,8,0
682,0,0,1,0,0,0,1,0,0,0,0,0,0,0,0,0,0,0,0,0,0,19,2,0
690,0,1,0,0,0,0,0,1,0,0,0,1,0,0,0,0,0,1,0,0,1,16,5,0
693,0,0,1,0,0,1,0,0,1,1,1,0,1,0,0,1,1,0,0,1,0,12,9,0
697,1,1,1,0,0,1,0,1,0,1,1,1,1,1,1,1,1,0,1,1,0,6,15,1
699,0,0,0,0,1,0,0,0,0,0,0,0,0,0,0,0,0,0,0,0,0,20,1,0
701,1,0,0,0,0,0,0,1,0,1,1,1,0,1,1,1,1,1,1,1,0,9,12,1
702,0,0,1,0,0,0,1,0,0,0,0,0,0,0,0,0,0,0,0,0,0,19,2,0
703,0,1,0,0,1,0,0,1,0,1,0,1,0,0,0,0,0,1,1,0,1,13,8,0
709,0,1,1,0,0,0,0,0,0,1,0,0,0,0,0,0,0,0,0,0,0,18,3,0
710,0,0,0,0,0,0,0,0,0,0,0,0,0,0,0,0,0,0,0,0,0,21,0,0
711,0,0,0,0,1,0,0,0,0,0,0,0,0,0,0,0,0,0,1,1,0,18,3,0
714,0,1,0,0,0,0,1,0,0,0,1,1,0,1,0,0,0,0,1,0,0,15,6,0
720,0,0,0,0,0,0,1,1,1,0,1,0,1,1,0,1,0,1,0,0,0,13,8,0
723,1,0,0,0,1,0,1,0,0,1,0,1,0,0,1,1,1,1,1,0,1,10,11,1
724,1,0,0,0,0,1,0,0,0,1,1,1,1,1,1,1,1,0,1,0,0,10,11,1
726,0,0,0,0,0,0,0,0,0,0,0,0,0,0,0,0,0,0,0,0,0,21,0,0
731,1,1,0,1,0,0,0,1,1,1,0,0,1,1,1,1,1,1,1,1,1,6,15,1
733,1,1,0,0,1,1,0,1,1,1,1,1,0,0,1,1,0,1,1,1,0,7,14,1
735,0,0,0,0,0,0,0,0,0,1,0,0,0,0,0,0,0,0,0,0,0,20,1,0
738,1,1,0,1,1,1,1,1,0,1,1,1,1,1,1,1,1,1,1,1,1,2,19,1
748,0,0,1,0,0,0,0,1,1,1,0,0,0,0,0,0,0,0,0,0,0,17,4,0
752,1,1,0,1,1,1,1,1,1,1,1,1,1,1,1,1,1,1,1,1,1,1,20,1
759,0,1,1,1,1,0,0,1,1,1,0,0,0,0,0,1,0,0,0,0,0,13,8,0
761,0,0,0,0,0,0,0,0,0,0,0,0,0,0,0,0,0,0,0,0,0,21,0,0
763,0,0,0,0,0,0,0,0,0,0,0,0,0,0,0,0,0,0,0,0,0,21,0,0
768,1,1,1,1,1,1,1,1,1,1,1,0,1,1,0,1,0,1,1,1,1,3,18,1
769,1,1,0,1,1,1,1,1,1,1,1,1,1,1,1,1,1,1,1,1,1,1,20,1
770,0,1,0,0,1,0,0,0,1,0,1,1,0,0,1,0,0,0,1,1,1,12,9,0
772,0,0,0,0,1,0,1,1,0,0,1,0,0,0,0,0,0,0,0,1,1,15,6,0
774,1,1,0,0,1,1,1,1,1,1,1,1,0,1,1,1,1,1,1,1,1,3,18,1
778,0,1,0,1,0,0,1,1,1,1,0,1,0,0,0,0,0,1,0,0,1,12,9,0
780,1,1,1,1,1,1,1,0,0,1,1,1,1,1,1,1,1,1,1,1,1,2,19,1
781,0,0,0,0,0,0,0,0,0,0,0,0,0,0,0,0,0,0,0,0,0,21,0,0
782,0,0,0,0,1,0,1,1,0,0,1,1,1,1,0,0,0,0,0,0,0,14,7,0
783,1,1,0,1,1,1,0,1,1,1,1,1,0,0,1,1,1,1,1,1,0,5,16,1
785,0,0,0,0,0,0,0,0,0,0,0,0,0,0,0,0,0,0,0,0,0,21,0,0
793,1,1,0,1,1,1,1,1,1,1,1,1,1,1,1,1,1,1,1,1,1,1,20,1
799,0,1,1,0,0,1,1,0,0,1,0,1,0,0,0,0,0,1,0,0,1,13,8,0
801,0,0,0,0,1,0,0,0,0,0,0,0,0,0,0,0,0,0,0,0,0,20,1,0
803,0,0,0,0,1,0,0,0,0,1,1,0,0,0,0,0,0,0,0,0,0,18,3,0
804,1,1,0,1,1,1,1,1,1,0,1,1,1,1,1,1,1,1,1,1,1,2,19,1
808,0,0,0,0,0,0,0,0,0,0,0,0,0,0,0,0,0,0,0,0,0,21,0,0
814,0,0,0,0,0,0,0,0,0,1,0,0,0,0,0,0,0,0,0,0,0,20,1,0
817,1,0,0,1,1,1,0,0,1,0,1,0,1,1,1,1,1,1,1,1,1,6,15,1
818,1,1,0,0,1,0,0,1,0,1,1,1,0,1,0,1,0,1,0,0,1,10,11,1
820,0,0,1,0,0,1,0,0,1,1,0,0,0,0,0,0,1,0,0,0,0,16,5,0
823,1,0,0,0,1,0,0,1,0,1,1,0,1,1,1,1,1,1,1,1,0,8,13,1
824,0,0,0,0,1,0,0,0,0,0,0,0,0,1,0,0,0,0,0,0,0,19,2,0
825,1,1,1,1,1,1,1,1,1,1,1,1,1,1,1,1,1,1,1,1,1,0,21,1
830,0,0,0,0,0,1,0,0,0,0,0,0,0,0,0,1,0,1,0,0,1,17,4,0
832,0,0,0,0,1,0,0,0,0,1,0,0,0,1,0,1,1,0,0,0,0,16,5,0
833,0,0,0,0,0,0,0,0,0,0,0,0,0,0,0,0,0,1,0,0,1,19,2,0
834,0,0,0,0,0,0,0,0,0,1,0,0,0,1,0,0,0,0,0,0,0,19,2,0
838,0,0,1,0,0,0,0,0,0,0,0,0,0,0,1,0,0,0,0,0,0,19,2,0
839,0,0,1,0,0,0,0,0,0,0,0,0,0,0,0,0,0,0,0,0,0,20,1,0
841,1,1,0,0,1,1,0,1,0,1,1,1,1,1,1,1,0,1,0,1,1,6,15,1
849,0,0,1,1,0,0,1,0,0,0,0,0,1,1,0,1,0,1,0,0,1,13,8,0
851,1,0,0,1,1,1,1,1,1,1,1,1,1,1,1,1,0,1,1,1,1,3,18,1
852,0,0,0,0,0,0,0,0,0,1,0,0,0,0,0,0,0,0,0,0,0,20,1,0
854,1,1,0,1,0,1,1,1,1,1,1,0,1,1,1,1,1,1,1,1,1,3,18,1
858,0,0,0,0,1,1,0,0,1,1,0,0,1,1,1,0,1,0,0,0,0,13,8,0
869,0,0,0,0,1,0,0,0,0,0,0,0,0,0,0,0,1,0,1,0,1,17,4,0
872,1,1,0,1,1,1,1,1,1,1,1,1,1,1,1,1,1,1,1,1,1,1,20,1
873,0,1,0,0,0,1,0,1,1,1,0,1,0,0,0,0,0,1,0,0,1,13,8,0
879,0,0,0,0,0,0,0,0,0,1,0,0,0,0,0,0,0,0,0,0,0,20,1,0
880,0,1,0,0,0,1,0,0,0,0,0,1,0,0,0,1,0,1,0,0,1,15,6,0
882,0,0,0,0,1,1,1,0,0,0,1,0,0,0,0,0,1,0,1,1,0,14,7,0
883,1,1,1,1,1,1,1,1,1,1,1,1,1,1,1,1,1,1,1,1,1,0,21,1
884,0,0,0,0,0,0,0,0,0,0,0,0,0,0,0,0,0,0,0,0,0,21,0,0
886,1,1,1,1,1,1,1,1,1,1,1,1,1,1,1,1,1,1,1,1,1,0,21,1
887,0,0,0,0,0,0,0,1,1,1,0,0,0,0,0,0,0,0,0,0,0,18,3,0
901,1,1,0,0,0,1,0,1,0,0,1,0,1,0,1,0,1,1,1,1,1,9,12,1
902,0,0,0,0,1,0,0,0,0,1,0,0,0,0,0,1,0,0,0,0,0,18,3,0
912,1,1,0,0,1,1,1,0,1,1,1,1,1,1,1,1,1,1,1,1,1,3,18,1
918,0,0,0,0,0,0,0,0,0,0,0,0,0,0,0,0,0,0,0,0,0,21,0,0
919,1,1,1,1,1,1,1,1,1,1,1,1,1,1,1,1,1,1,1,1,1,0,21,1
920,1,1,0,1,1,1,1,0,1,1,1,1,1,1,1,1,1,1,1,1,1,2,19,1
922,0,0,0,0,0,0,0,1,0,0,0,0,0,0,1,0,0,1,0,0,0,18,3,0
923,1,0,1,1,1,1,1,1,0,0,1,1,1,1,1,1,1,1,1,1,1,3,18,1
925,1,1,1,1,1,1,1,1,1,1,1,1,1,1,1,1,1,1,1,1,1,0,21,1
926,1,1,0,1,1,1,1,1,1,1,1,1,1,1,1,1,1,1,1,1,1,1,20,1
927,0,1,0,0,0,0,0,0,0,0,0,0,0,0,0,1,0,1,0,0,1,17,4,0
932,1,1,0,1,1,0,1,1,0,1,0,1,1,1,0,1,0,1,1,0,1,7,14,1
935,1,1,0,1,1,1,1,0,1,1,1,1,0,0,1,1,0,1,1,1,1,5,16,1
936,0,1,0,0,0,0,0,0,0,0,0,0,0,0,0,0,1,0,0,0,1,18,3,0
937,1,0,1,0,1,1,1,1,1,0,1,1,1,1,1,1,1,1,1,1,0,4,17,1
939,1,1,0,1,1,1,1,0,1,1,1,1,1,1,1,1,1,1,1,1,1,2,19,1
942,1,1,0,0,1,0,1,1,0,0,1,0,0,1,1,1,1,1,1,1,1,7,14,1
948,0,0,1,0,0,0,0,0,0,0,0,0,0,1,0,0,0,0,0,0,0,19,2,0
949,1,0,1,0,1,1,0,1,1,1,1,1,1,1,1,1,1,0,1,1,0,5,16,1
950,0,0,0,0,1,0,0,0,1,0,0,0,0,0,0,1,1,0,0,0,0,17,4,0
954,0,0,0,1,0,0,0,0,0,0,0,0,0,0,0,0,1,1,0,0,0,18,3,0
957,0,0,0,0,0,0,0,0,0,0,0,0,0,0,0,0,0,0,0,0,0,21,0,0
968,1,1,1,1,0,1,1,1,1,1,1,1,0,1,1,1,1,1,1,0,1,3,18,1
969,0,0,0,0,0,0,0,0,0,0,0,0,0,0,0,0,0,0,0,0,0,21,0,0
970,1,1,0,1,1,1,0,1,0,1,1,1,1,1,1,1,1,1,1,1,1,3,18,1
971,1,0,0,0,1,1,0,1,1,1,1,1,0,1,1,0,1,0,1,0,0,9,12,1
974,1,1,1,0,1,0,0,1,0,1,1,0,1,1,1,1,1,1,1,1,1,5,16,1
980,1,1,0,0,1,1,0,1,1,1,1,1,1,1,1,1,1,1,1,1,1,3,18,1
983,1,1,0,1,1,1,0,0,0,0,1,1,1,1,1,1,1,1,1,1,1,5,16,1
989,1,1,1,1,1,1,1,1,1,1,1,1,1,1,1,1,1,1,1,1,1,0,21,1
996,0,0,0,0,0,0,0,0,0,0,0,0,0,1,0,0,0,0,0,0,0,20,1,0
1004,1,1,1,1,1,1,1,1,1,1,1,1,1,1,1,1,1,1,1,1,1,0,21,1
1009,0,0,0,0,0,1,0,1,0,0,0,0,0,0,0,0,0,0,0,1,0,18,3,0
1011,0,0,0,1,1,0,0,0,0,0,0,0,1,1,0,0,0,0,0,0,0,17,4,0
1014,1,1,0,0,1,1,1,1,0,0,1,0,1,1,1,1,1,1,1,1,1,5,16,1
1016,0,0,0,0,1,0,0,0,0,0,0,0,0,0,0,0,0,0,0,0,0,20,1,0
1017,0,1,1,1,1,0,0,1,0,1,0,0,0,0,0,0,0,1,0,0,0,14,7,0
1022,0,0,0,0,0,0,0,0,0,0,0,0,0,1,0,0,0,0,0,0,0,20,1,0
1024,0,1,0,0,0,0,0,1,0,0,0,0,0,0,0,0,0,0,0,0,0,19,2,0
1026,0,1,1,1,1,0,0,1,0,1,0,0,0,0,0,0,0,0,0,0,1,14,7,0
1030,1,1,0,0,1,1,0,1,0,1,1,1,0,1,1,1,1,1,0,1,1,6,15,1
1034,0,0,0,0,0,0,0,0,0,0,0,0,0,0,0,0,0,0,0,0,0,21,0,0
1039,0,0,1,0,1,0,0,1,0,0,0,0,0,0,1,0,0,0,0,0,0,17,4,0
1050,0,0,0,0,0,0,0,0,0,0,0,0,0,0,0,0,0,0,0,0,0,21,0,0
1054,0,0,0,0,0,0,0,0,0,0,0,0,0,0,0,1,1,0,0,0,0,19,2,0
1055,1,0,0,1,0,0,1,0,0,0,1,1,0,1,0,1,1,1,1,1,1,9,12,1
1057,1,0,1,1,1,0,0,1,0,1,1,0,1,1,0,1,1,1,0,0,1,8,13,1
1062,0,0,1,1,1,1,0,1,0,0,0,0,0,0,1,0,0,1,0,0,1,13,8,0
1063,0,0,1,0,0,0,0,1,0,0,0,0,0,0,0,0,0,0,0,0,0,19,2,0
1066,0,0,0,0,1,1,0,0,0,0,0,0,0,0,0,0,0,0,0,0,0,19,2,0
1069,1,1,0,1,1,1,1,1,1,1,0,1,1,1,1,1,1,1,1,1,1,2,19,1
1075,1,1,1,1,1,1,1,0,1,1,1,1,1,1,1,1,1,1,1,1,1,1,20,1
1077,0,0,0,0,0,0,0,0,0,0,0,0,0,0,0,0,0,0,0,0,0,21,0,0
1086,0,0,0,0,0,0,1,0,0,1,0,0,0,0,0,0,0,0,0,0,0,19,2,0
1089,0,0,0,0,0,0,0,0,0,0,0,0,0,0,0,0,1,1,0,0,0,19,2,0
1092,1,1,1,1,1,1,1,0,1,1,1,1,1,1,1,1,1,1,1,1,1,1,20,1
1095,0,1,0,0,1,0,1,0,0,0,0,0,0,0,0,0,1,1,0,1,1,14,7,0
1096,0,1,0,0,0,1,0,0,0,0,0,0,1,0,1,0,1,1,1,0,1,13,8,0
1100,0,0,1,0,0,0,0,0,0,0,0,0,0,0,0,0,0,0,0,0,0,20,1,0
1109,1,1,0,0,1,1,1,1,1,1,1,1,1,1,1,1,1,1,1,1,1,2,19,1
1115,1,1,0,1,1,1,0,1,1,1,1,1,1,1,1,1,1,1,1,0,0,4,17,1
1118,0,0,0,0,0,0,0,1,0,0,0,1,0,0,0,0,0,1,0,0,0,18,3,0
1120,1,0,0,1,0,1,1,0,1,0,0,1,0,1,1,1,1,1,1,1,1,7,14,1
1122,0,0,0,0,1,0,0,0,0,0,0,0,0,0,0,0,0,0,0,0,0,20,1,0
1124,1,1,1,1,1,1,1,1,0,1,1,1,1,1,1,1,1,1,1,1,1,1,20,1
1125,1,1,0,0,1,1,0,1,1,1,1,1,1,1,1,1,1,1,1,1,1,3,18,1
1126,0,0,0,0,0,0,0,0,0,0,0,0,0,0,0,0,0,0,0,0,0,21,0,0
1131,0,0,0,0,0,0,0,0,0,0,0,0,0,0,0,0,0,0,0,0,0,21,0,0
1139,0,0,0,0,0,0,0,1,0,1,0,0,0,0,0,0,0,0,0,0,0,19,2,0
1143,0,1,1,0,1,0,0,0,0,1,0,0,0,0,0,0,0,0,0,0,0,17,4,0
1145,1,1,1,1,1,1,1,1,1,1,1,1,1,1,0,1,0,1,1,0,1,3,18,1
1149,1,0,1,0,0,1,1,0,0,0,1,0,1,0,1,0,0,1,1,1,1,10,11,1
1151,0,0,0,0,0,0,0,0,0,1,0,0,0,0,0,0,0,0,0,0,0,20,1,0
1153,0,0,1,0,1,1,0,0,0,0,0,0,0,0,1,0,0,0,1,0,0,16,5,0
1154,1,1,1,1,0,1,1,1,1,1,1,1,1,1,1,1,1,1,1,1,0,2,19,1
1155,0,1,1,0,1,0,1,1,0,0,0,0,1,0,0,0,0,0,0,0,0,15,6,0
1165,0,1,0,1,0,0,1,0,0,0,0,1,0,0,1,0,0,1,1,0,0,14,7,0
1167,0,0,1,0,0,0,0,1,0,0,0,0,0,0,0,0,0,0,0,0,0,19,2,0
1171,0,0,0,0,0,0,0,0,0,0,0,0,0,0,0,0,0,0,0,0,0,21,0,0
1172,0,0,1,0,0,0,0,0,0,0,0,0,0,0,0,0,0,0,1,0,0,19,2,0
1178,1,1,0,0,1,1,1,1,0,1,1,1,1,1,1,1,1,1,1,1,1,3,18,1
1185,0,0,1,0,0,0,1,0,0,0,1,0,0,1,0,0,0,0,0,0,0,17,4,0
1191,0,0,0,0,1,0,0,1,0,0,0,0,0,0,0,0,0,0,0,0,0,19,2,0
1192,1,1,1,1,0,0,1,0,0,1,1,1,1,1,1,1,1,1,1,1,1,4,17,1
1196,1,1,1,1,1,1,0,0,1,1,1,1,1,1,1,0,1,1,1,1,1,3,18,1
1197,0,0,0,0,1,0,0,0,0,0,0,0,0,0,0,0,0,0,0,0,0,20,1,0
1198,0,0,0,0,0,0,1,0,0,0,0,0,1,1,1,1,1,1,0,0,1,13,8,0
1202,1,1,1,1,0,1,1,0,0,0,1,1,1,1,0,0,0,1,1,1,0,8,13,1
1203,1,0,0,1,1,0,1,1,1,1,0,0,1,1,1,1,1,1,0,1,1,6,15,1
1205,0,1,0,0,0,0,0,0,0,1,1,1,1,0,0,1,0,1,0,0,1,13,8,0
1206,0,0,0,0,0,0,0,1,0,1,0,0,0,0,0,0,0,0,0,0,0,19,2,0
1207,1,1,0,0,1,1,0,0,0,0,1,0,1,1,1,0,1,0,0,1,1,10,11,1
1208,1,0,1,1,1,1,0,0,0,1,1,0,1,1,1,1,1,0,1,1,1,6,15,1
1212,0,1,0,0,0,0,0,0,0,1,0,0,0,0,0,0,0,0,0,0,0,19,2,0
1216,1,1,1,1,1,1,1,1,0,0,1,1,1,1,1,1,1,1,1,1,0,3,18,1
1217,1,0,0,1,1,1,1,0,0,0,1,1,0,0,1,1,1,1,0,1,1,8,13,1
1224,0,0,0,0,1,0,0,0,0,0,0,0,0,0,0,1,0,0,0,0,0,19,2,0
1229,0,0,1,0,0,0,0,0,0,0,0,0,0,0,0,0,0,0,0,0,0,20,1,0
1236,1,1,1,0,1,0,1,1,1,1,1,1,0,1,1,1,1,1,1,1,1,3,18,1
1240,1,1,0,0,1,1,0,1,0,1,1,0,1,1,0,1,0,0,1,1,1,8,13,1
1245,0,0,0,0,1,0,1,1,0,0,1,0,0,1,0,1,1,0,1,1,1,11,10,0
1246,1,1,0,1,0,0,1,1,0,0,1,0,1,1,1,1,0,1,1,1,1,7,14,1
1247,0,1,1,0,0,0,1,1,0,0,0,0,0,0,0,0,0,1,0,1,1,14,7,0
1248,0,1,0,0,0,0,0,0,0,0,0,0,0,0,0,0,0,1,0,0,0,19,2,0
1249,1,0,0,1,0,0,1,0,1,1,1,1,0,1,1,1,1,1,1,1,1,6,15,1
1253,1,1,1,0,1,1,1,0,1,1,1,0,1,1,0,0,0,1,1,0,0,8,13,1
1254,1,1,0,1,1,1,1,0,1,1,1,1,1,1,1,1,1,1,1,1,1,2,19,1
1259,1,1,0,1,1,1,1,0,1,0,1,1,1,0,1,1,1,1,1,1,1,4,17,1
1262,1,1,1,1,0,0,1,0,0,0,0,0,1,1,0,1,1,1,1,1,1,8,13,1
1264,1,1,0,0,1,1,1,0,1,1,1,1,1,1,1,1,1,1,1,1,1,3,18,1
1268,0,0,0,0,0,0,0,0,0,0,0,0,0,0,0,0,0,0,0,0,0,21,0,0
1273,1,1,0,1,1,1,1,1,1,1,0,1,0,0,1,1,1,1,1,1,1,4,17,1
1274,1,1,1,1,1,1,1,1,0,1,0,1,0,1,0,0,1,1,0,0,1,7,14,1
1278,1,1,0,1,1,1,1,1,1,1,1,1,1,1,1,1,1,1,1,1,1,1,20,1
1279,1,0,0,0,1,1,0,1,1,1,1,1,1,1,1,1,1,0,1,1,0,6,15,1
1280,0,0,0,0,0,0,0,0,0,0,0,0,0,0,0,0,0,0,0,0,0,21,0,0
1284,1,1,1,1,1,1,1,1,1,1,1,1,1,1,1,1,1,1,1,1,1,0,21,1
1285,0,0,0,0,0,0,0,0,0,0,0,0,0,0,0,0,0,0,0,0,0,21,0,0
1292,0,0,0,0,0,0,0,0,0,0,0,0,0,1,1,0,1,0,0,1,0,17,4,0
1293,0,0,0,0,0,0,0,0,0,0,0,0,0,0,0,0,0,0,0,0,0,21,0,0
1304,0,0,0,0,0,1,0,0,0,0,0,0,0,0,1,0,0,0,0,0,0,19,2,0
1305,0,0,0,0,0,0,0,0,0,0,1,0,0,0,0,0,0,0,0,0,0,20,1,0
1306,0,1,0,1,1,0,0,0,1,1,0,1,0,1,0,0,0,1,0,0,0,13,8,0
1316,0,0,0,0,1,0,0,0,0,0,0,0,0,0,0,0,0,0,0,0,0,20,1,0
1319,1,1,1,0,1,1,1,1,1,1,1,1,0,1,1,1,1,1,1,1,1,2,19,1
1323,0,0,0,0,0,0,0,0,0,0,0,0,0,0,0,0,1,0,0,0,0,20,1,0
1330,1,0,0,0,1,0,0,1,0,1,1,1,0,1,1,1,1,0,1,0,1,9,12,1
1332,1,1,0,1,1,0,0,0,0,1,1,1,0,1,0,1,1,1,0,0,1,9,12,1
1335,0,0,0,0,0,0,1,1,0,0,0,0,0,0,0,0,0,0,0,0,0,19,2,0
1338,0,0,0,0,1,0,0,0,0,0,0,0,1,0,0,0,0,1,1,1,0,16,5,0
1339,0,1,0,0,0,0,0,0,0,0,0,0,0,0,0,0,0,1,0,0,0,19,2,0
1343,0,1,1,0,1,1,0,0,1,0,0,1,1,0,1,0,0,1,0,0,0,12,9,0
1349,1,1,0,1,1,1,1,1,1,0,1,0,1,1,1,1,1,1,1,1,0,4,17,1
1360,0,0,1,0,0,1,0,1,1,1,0,0,1,0,1,0,0,0,0,0,0,14,7,0
1361,0,0,1,0,0,0,0,0,0,0,0,0,0,0,0,0,0,0,0,0,1,19,2,0
1362,1,1,0,1,0,1,1,0,0,0,1,0,1,1,1,0,1,1,1,1,1,7,14,1
1375,0,0,0,0,0,0,0,0,1,0,0,0,0,0,0,0,0,0,0,0,0,20,1,0
1376,0,0,0,0,1,0,0,0,0,0,0,0,0,0,0,0,0,0,0,0,0,20,1,0
1377,0,0,0,0,0,0,0,0,0,0,0,0,0,0,0,0,0,0,0,0,0,21,0,0
1378,0,1,1,0,1,1,0,1,1,0,1,1,0,0,0,0,0,0,0,0,1,12,9,0
1381,1,1,1,1,1,1,1,1,0,1,1,1,1,1,1,1,1,1,1,0,1,2,19,1
1388,1,1,1,1,1,1,1,1,0,1,1,1,1,1,1,1,1,1,1,1,1,1,20,1
1394,1,0,0,0,1,1,0,1,1,1,1,1,1,1,0,1,1,0,1,1,0,7,14,1
1395,1,1,1,1,1,1,1,1,1,1,1,1,1,1,1,1,1,1,1,1,1,0,21,1
1397,1,1,1,0,1,1,0,1,0,1,1,1,1,1,0,1,0,0,1,1,0,7,14,1
1398,0,1,0,0,0,0,0,1,0,0,1,0,0,0,1,1,0,0,0,0,0,16,5,0
1400,1,1,0,1,1,1,1,1,1,0,1,1,0,1,1,1,1,1,1,1,1,3,18,1
1403,1,1,0,1,1,1,1,1,1,1,0,1,1,1,0,1,1,1,1,1,1,3,18,1
1406,1,0,0,0,1,1,0,1,1,1,1,1,1,1,1,1,1,1,0,1,0,6,15,1
1417,0,1,1,0,0,0,1,0,0,0,0,0,0,0,0,0,0,0,0,0,0,18,3,0
1419,0,0,0,0,0,0,0,1,1,1,1,0,1,1,0,1,0,0,1,1,0,12,9,0
1421,1,0,1,1,1,0,1,1,1,1,0,1,1,0,1,1,0,0,1,0,0,8,13,1
1423,1,1,0,1,1,1,1,0,0,0,0,1,1,1,1,1,1,1,1,1,1,5,16,1
1430,0,0,1,0,0,0,0,0,0,0,0,0,0,0,0,0,0,0,0,0,0,20,1,0
1432,1,1,1,0,1,1,1,1,1,1,1,1,1,1,1,0,1,1,1,1,0,3,18,1
1435,0,0,0,0,1,0,0,0,1,0,0,1,0,1,0,0,1,0,0,1,0,15,6,0
1438,0,0,1,0,1,0,0,0,0,0,0,0,0,0,0,0,0,0,0,0,0,19,2,0
1439,0,0,1,0,0,0,0,1,1,1,1,0,0,0,0,0,0,0,1,1,0,14,7,0
1445,1,1,1,1,1,1,1,1,1,1,1,1,1,1,1,1,1,1,0,1,1,1,20,1
1450,0,0,0,0,0,0,1,0,0,0,0,0,0,0,0,1,0,0,0,0,0,19,2,0
1455,0,0,1,0,0,0,0,1,1,0,0,0,0,0,0,0,0,0,0,0,0,18,3,0
1460,0,0,0,0,0,0,0,0,1,0,0,0,0,0,0,0,0,0,0,0,0,20,1,0
1463,0,0,1,0,0,0,0,0,0,0,0,0,0,0,0,0,0,0,0,0,0,20,1,0
1468,1,1,0,1,1,1,1,1,1,0,1,1,0,1,0,1,1,1,1,1,1,4,17,1
1472,0,1,0,1,0,0,0,0,0,1,0,0,0,0,1,0,0,1,0,0,1,15,6,0
1473,1,1,0,1,1,1,1,1,1,0,1,0,0,1,1,1,1,1,0,1,1,5,16,1
1477,0,0,0,1,0,0,0,0,0,0,0,1,0,0,0,0,0,0,0,0,0,19,2,0
1480,0,0,0,0,0,0,0,0,0,0,0,0,0,0,0,0,0,0,0,0,0,21,0,0
1485,0,0,0,1,1,1,0,1,0,1,0,0,0,0,1,0,0,1,1,0,0,13,8,0
1487,0,0,0,0,0,0,0,0,0,0,0,0,0,0,0,0,1,0,0,0,0,20,1,0
1488,1,1,1,1,1,1,1,0,1,1,1,1,1,1,1,1,1,1,1,1,1,1,20,1
1490,1,1,1,1,1,1,1,1,1,1,1,1,1,1,1,1,1,1,1,1,1,0,21,1
1493,0,1,0,0,1,0,0,0,0,0,0,0,1,1,0,0,0,0,0,0,1,16,5,0
1497,1,0,0,1,1,1,1,1,1,1,1,1,1,1,1,1,1,1,1,1,1,2,19,1
1498,1,1,1,1,1,1,1,1,1,1,1,1,1,1,1,1,1,1,1,0,1,1,20,1
1499,0,0,0,0,0,0,0,0,1,0,0,0,0,0,0,1,1,0,0,1,0,17,4,0
1502,0,1,0,1,1,1,0,1,0,0,0,0,0,0,0,1,0,1,0,0,1,13,8,0
1507,0,0,0,0,1,0,0,1,0,1,0,0,0,0,0,0,0,0,0,0,0,18,3,0
1513,0,1,0,1,0,1,0,1,1,1,0,1,0,0,1,1,0,0,0,0,0,12,9,0
1514,1,0,0,1,1,1,1,1,1,1,1,1,1,1,1,1,1,1,1,1,1,2,19,1
1515,1,1,0,1,1,1,1,1,1,1,1,1,1,1,1,1,1,1,1,1,1,1,20,1
1517,0,1,0,0,0,0,0,0,0,0,0,1,0,0,0,1,0,1,0,0,0,17,4,0
1522,1,1,0,1,1,1,1,1,1,0,1,0,0,1,1,1,1,1,1,1,1,4,17,1
1523,0,0,0,0,1,1,0,1,0,1,1,0,1,0,1,1,1,0,1,0,0,11,10,0
1524,0,0,0,0,0,0,0,0,0,0,0,0,0,0,0,0,0,0,0,0,0,21,0,0
1526,0,0,0,0,0,0,1,0,1,1,0,0,0,0,0,0,1,0,0,0,0,17,4,0
1528,0,0,0,0,1,0,0,0,0,0,0,0,0,0,0,0,0,0,0,0,0,20,1,0
1530,1,1,1,1,1,1,1,1,1,1,1,1,1,1,1,1,1,1,1,1,1,0,21,1
1531,1,1,0,1,0,1,0,1,1,1,1,1,1,1,1,1,1,1,1,1,1,3,18,1
1533,0,0,0,0,0,0,0,0,0,0,0,0,0,0,0,0,0,0,0,0,0,21,0,0
1535,1,0,0,1,1,1,1,1,1,1,1,1,1,1,0,1,1,1,0,0,1,5,16,1
1544,0,1,0,1,1,0,1,1,0,0,1,0,0,0,1,0,0,1,0,1,1,11,10,0
1545,1,1,1,1,1,0,1,1,0,0,0,0,1,1,1,1,1,0,1,1,1,6,15,1
1547,0,0,0,0,0,0,0,0,0,0,0,0,0,0,0,0,0,0,0,0,0,21,0,0
1553,0,0,0,0,0,1,0,1,1,1,0,0,1,0,0,0,0,0,0,1,0,15,6,0
1556,0,1,0,0,0,0,0,1,0,0,0,0,0,0,1,1,1,0,1,0,0,15,6,0
1558,0,1,0,0,1,0,0,1,0,0,0,0,1,1,0,1,1,0,1,0,0,13,8,0
1559,1,0,0,1,1,1,1,1,1,1,1,0,1,1,1,1,1,1,1,1,1,3,18,1
1560,0,1,1,0,1,0,0,0,1,1,1,0,0,0,0,0,1,0,0,0,0,14,7,0
1562,0,0,0,0,0,0,1,0,0,1,1,0,0,0,0,0,0,1,0,0,1,16,5,0
1563,1,1,1,1,0,0,1,0,0,1,1,0,1,0,1,0,1,1,1,1,1,7,14,1
1566,1,1,1,1,1,1,1,0,1,1,0,0,0,1,1,0,1,1,1,0,1,6,15,1
1568,1,1,1,1,1,1,0,0,1,1,0,1,1,1,1,0,0,1,0,1,0,7,14,1
1569,1,0,0,1,1,0,1,1,1,1,1,1,1,1,0,1,1,1,0,0,1,6,15,1
1574,0,0,1,0,0,0,0,0,0,0,0,0,0,0,1,1,1,0,0,0,0,17,4,0
1576,0,0,0,0,1,0,0,0,1,0,0,0,0,0,0,0,0,0,0,0,0,19,2,0
1577,0,1,0,0,0,1,0,1,0,0,0,0,0,0,0,0,0,0,0,0,1,17,4,0
1580,0,0,0,0,0,0,0,0,0,0,0,0,0,0,0,0,0,0,0,0,0,21,0,0
1582,0,0,0,0,0,1,0,0,0,0,1,0,0,0,0,0,0,0,0,0,0,19,2,0
1583,0,0,0,0,1,0,0,0,1,0,0,0,0,0,0,0,0,0,0,0,0,19,2,0
1584,1,0,0,0,1,0,0,1,0,0,1,0,0,1,1,1,1,1,1,1,0,10,11,1
1587,0,1,0,0,0,0,1,1,1,0,0,0,0,1,0,0,0,0,0,1,0,15,6,0
1592,0,0,0,0,0,0,0,0,0,0,0,0,0,0,0,0,0,0,0,0,0,21,0,0
1599,0,1,1,0,1,0,1,0,0,0,0,0,0,0,0,0,0,1,0,0,0,16,5,0
1604,1,0,1,0,1,1,1,0,0,1,1,0,0,1,0,1,1,0,1,1,1,8,13,1
1605,0,0,1,0,0,0,0,0,0,0,0,0,0,0,0,0,0,0,0,0,0,20,1,0
1614,1,1,0,1,1,1,1,1,1,1,1,1,1,1,1,1,1,1,1,1,1,1,20,1
1615,0,0,0,0,0,0,0,0,0,0,0,0,0,0,0,0,0,0,0,0,0,21,0,0
1616,0,0,1,0,1,0,1,1,1,1,0,0,0,0,0,0,0,0,0,0,0,15,6,0
1617,0,0,0,0,0,0,0,0,0,0,0,0,0,0,0,0,0,0,0,0,0,21,0,0
1620,0,0,0,0,1,1,0,0,1,0,0,1,0,0,1,1,1,1,0,1,0,12,9,0
1623,0,0,0,0,1,1,0,1,0,1,1,0,0,0,1,1,1,0,0,0,0,13,8,0
1625,0,1,1,1,1,0,0,1,0,0,0,0,0,0,0,0,0,1,0,0,1,14,7,0
1626,1,1,1,1,1,1,1,1,1,1,1,1,1,1,1,1,1,1,1,1,1,0,21,1
1628,1,0,1,0,0,1,1,0,1,1,1,0,0,0,1,1,1,0,1,1,0,9,12,1
1630,1,1,1,1,0,1,1,1,0,0,0,0,0,0,1,1,1,1,1,0,1,8,13,1
1631,1,1,0,1,1,1,1,1,1,1,1,1,1,1,1,1,1,1,1,1,1,1,20,1
1633,1,0,0,0,1,1,1,1,1,1,1,1,1,1,1,1,1,0,1,1,1,4,17,1
1642,1,1,0,1,1,0,1,1,1,1,1,1,0,1,1,1,1,1,1,1,1,3,18,1
1643,1,1,0,1,1,0,1,1,1,1,1,1,1,1,1,1,1,1,1,1,1,2,19,1
1650,0,0,0,0,1,0,0,0,0,0,0,0,0,0,0,0,0,0,0,0,0,20,1,0
1655,0,0,0,0,0,0,0,0,0,0,0,0,0,0,0,0,0,0,0,0,0,21,0,0
1656,0,0,0,0,0,0,1,0,0,0,0,0,0,0,0,0,1,0,0,0,0,19,2,0
1663,0,1,0,1,0,1,0,0,0,1,0,0,0,0,0,0,0,1,0,0,0,16,5,0
1665,0,1,0,0,0,0,0,0,0,0,0,0,0,0,0,0,0,0,0,0,1,19,2,0
1666,0,1,1,0,1,1,0,0,1,1,0,0,1,1,0,0,0,0,0,0,0,13,8,0
1671,0,0,1,0,0,0,1,0,1,0,0,0,0,0,0,0,0,0,0,0,0,18,3,0
1672,0,0,0,1,0,0,0,1,1,1,0,0,0,0,0,0,0,0,0,0,0,17,4,0
1673,1,1,0,0,1,0,1,0,0,1,1,1,1,1,0,1,1,1,1,0,1,7,14,1
1676,1,0,0,0,0,1,0,1,1,1,0,1,1,1,1,1,1,0,1,1,0,8,13,1
1678,1,1,0,1,1,1,1,0,1,1,1,1,1,1,1,1,1,1,1,1,1,2,19,1
1681,0,0,0,0,0,0,0,0,0,0,0,0,0,0,0,0,0,0,0,0,0,21,0,0
1684,1,0,0,0,1,1,1,1,1,1,1,1,1,1,0,1,1,1,1,1,0,5,16,1
1685,1,1,0,1,1,1,0,0,1,0,1,1,1,1,0,1,1,1,1,0,1,6,15,1
1686,0,1,1,1,0,0,0,0,1,1,0,0,0,1,0,0,0,1,0,0,1,13,8,0
1688,1,1,1,1,1,0,1,1,1,1,1,1,1,1,1,1,1,1,1,1,1,1,20,1
1690,1,1,1,1,0,1,1,0,1,0,1,1,1,1,1,1,1,1,1,1,1,3,18,1
1693,1,1,1,1,1,1,0,0,1,1,1,0,1,1,1,0,1,0,1,1,1,5,16,1
1698,0,0,0,0,1,0,1,0,0,0,0,0,0,0,1,1,0,1,0,1,1,14,7,0
1703,0,0,0,0,0,0,0,0,0,0,0,0,0,0,0,0,0,0,0,0,0,21,0,0
1716,1,1,0,1,1,1,1,1,1,1,1,1,1,1,1,1,1,1,1,1,1,1,20,1
1721,0,0,0,0,0,0,0,0,0,0,0,0,0,0,0,0,0,0,0,0,0,21,0,0
1723,1,1,0,1,1,1,1,1,0,1,1,1,1,0,1,0,1,1,1,1,0,5,16,1
1724,1,0,0,1,0,1,1,0,1,0,1,1,1,1,1,1,1,1,1,1,1,5,16,1
1728,1,1,0,1,0,1,1,0,0,1,1,1,0,1,1,1,1,1,1,1,1,5,16,1
1730,1,1,1,1,1,1,0,1,0,1,1,1,1,1,1,1,0,0,1,1,1,4,17,1
1731,0,0,0,0,0,0,0,0,0,0,0,0,0,0,0,0,0,0,0,0,0,21,0,0
1736,0,0,0,0,0,0,0,0,0,0,0,0,0,0,0,0,0,0,0,0,0,21,0,0
1741,0,0,1,0,0,0,0,0,1,1,0,0,0,0,0,0,0,0,0,0,0,18,3,0
1742,0,0,0,0,0,0,0,1,0,0,0,0,0,0,0,0,0,0,0,0,0,20,1,0
1748,0,0,0,0,0,0,0,0,0,0,0,0,0,0,0,0,0,0,0,0,0,21,0,0
1755,0,0,0,0,1,0,1,1,1,0,1,0,0,1,0,1,1,0,0,1,1,11,10,0
1760,1,1,0,1,1,1,0,1,1,1,1,1,1,1,1,1,1,1,1,1,1,2,19,1
1763,1,1,1,1,1,1,1,1,1,1,1,1,1,1,1,1,1,1,1,1,1,0,21,1
1769,0,0,0,1,0,0,0,0,0,0,0,0,0,0,0,0,0,0,0,0,0,20,1,0
1771,1,1,1,1,1,1,1,0,1,1,1,1,1,1,0,0,0,1,1,0,1,5,16,1
1775,0,0,1,1,0,0,1,1,0,0,0,0,0,0,0,0,0,1,0,0,1,15,6,0
1785,0,0,0,0,1,1,0,1,1,1,1,0,1,1,0,0,0,0,1,0,0,12,9,0
1789,1,0,1,1,1,0,1,1,0,1,1,0,1,1,1,1,1,1,1,0,1,5,16,1
1790,1,1,0,1,1,1,1,0,1,1,1,1,1,1,1,1,1,1,1,1,1,2,19,1
1795,0,0,0,0,0,0,0,0,1,0,0,0,0,1,0,0,0,0,0,0,0,19,2,0
1808,0,0,1,0,0,0,0,0,0,0,0,0,0,0,0,0,0,0,0,0,0,20,1,0
1809,0,0,1,0,1,0,0,0,0,0,0,0,0,0,0,0,0,0,0,0,0,19,2,0
1813,0,0,0,0,1,0,0,0,0,0,0,0,0,0,0,0,0,0,0,0,1,19,2,0
1817,1,1,0,1,1,1,1,1,1,1,1,1,1,1,1,1,1,1,1,1,1,1,20,1
1818,1,1,1,1,1,0,0,1,0,1,0,1,1,1,0,1,1,1,1,1,1,5,16,1
1822,0,0,0,0,1,0,0,0,0,0,0,0,0,0,0,0,0,0,0,0,0,20,1,0
1829,0,0,0,0,0,0,0,0,1,1,0,0,0,0,0,1,1,0,0,0,0,17,4,0
1830,1,1,0,1,1,1,1,0,0,0,1,1,1,1,0,1,0,1,1,1,1,6,15,1
1832,1,1,0,1,1,1,1,1,1,1,0,1,1,1,0,0,0,1,0,1,1,6,15,1
1834,1,1,1,1,1,1,1,1,1,1,1,1,1,1,1,1,1,1,1,1,1,0,21,1
1835,0,0,0,0,1,0,0,0,1,1,0,0,1,0,0,0,0,0,0,0,0,17,4,0
1839,0,0,0,0,0,0,0,0,0,0,0,0,0,0,0,0,0,0,0,0,0,21,0,0
1841,1,1,1,1,1,0,0,1,1,1,1,1,1,1,1,1,1,1,1,0,1,3,18,1
1842,1,1,0,1,1,1,1,0,1,1,1,1,1,1,1,1,1,1,1,1,1,2,19,1
1843,1,1,1,1,1,1,1,1,1,1,1,1,1,1,1,1,1,1,1,1,1,0,21,1
1844,1,1,1,1,1,1,1,1,1,1,1,1,1,1,1,1,1,1,1,1,1,0,21,1
1854,1,1,1,1,1,1,0,0,0,0,1,1,1,1,1,1,1,1,1,1,1,4,17,1
1856,1,1,1,1,1,1,1,1,1,1,1,1,1,1,1,1,1,1,1,1,1,0,21,1
1857,1,1,1,1,1,1,1,1,1,1,1,1,1,1,1,1,1,1,1,1,1,0,21,1
1858,0,0,1,0,1,0,1,0,0,1,1,0,0,0,0,0,1,0,1,0,0,14,7,0
1861,0,0,0,0,1,0,0,0,0,0,0,0,0,0,0,0,0,0,0,0,0,20,1,0
1863,0,0,0,0,0,0,0,0,0,0,0,0,0,0,0,0,0,0,0,0,0,21,0,0
1869,1,1,0,1,1,1,1,1,1,1,1,1,1,1,1,1,1,1,1,1,1,1,20,1
1871,1,1,1,1,1,1,1,1,1,1,1,1,1,1,1,1,1,1,1,1,1,0,21,1
1874,0,1,1,0,0,0,1,0,1,0,0,1,0,0,1,0,0,1,1,0,0,13,8,0
1882,0,0,0,0,1,0,0,0,1,0,0,0,0,0,0,0,0,0,0,0,0,19,2,0
1883,0,1,1,1,0,0,1,0,0,0,0,0,0,0,0,0,0,1,1,0,1,14,7,0
1885,0,0,1,0,0,0,0,0,0,0,0,0,0,0,0,0,0,0,0,0,0,20,1,0
1891,0,0,0,0,0,0,0,0,0,0,0,0,0,0,0,0,0,0,0,0,0,21,0,0
1893,1,1,0,1,1,1,1,1,1,1,1,1,1,1,1,1,1,1,1,1,1,1,20,1
1895,1,1,1,1,1,1,1,1,1,1,1,1,0,0,1,1,1,1,1,1,1,2,19,1
1896,1,1,1,1,1,1,0,0,1,1,1,1,1,1,1,1,1,1,1,1,1,2,19,1
1901,1,1,0,1,0,1,1,1,1,0,1,0,1,0,1,1,1,1,1,1,1,5,16,1
1904,0,0,0,0,0,0,0,0,0,0,0,0,0,0,0,0,0,0,0,0,0,21,0,0
1905,1,0,0,1,1,1,0,1,0,1,1,1,0,1,1,1,1,1,1,1,1,5,16,1
1908,1,0,1,1,1,1,1,1,1,1,1,1,1,1,1,1,0,1,1,1,1,2,19,1
1913,0,0,0,0,0,0,0,0,0,1,0,0,0,0,1,1,1,0,1,0,0,16,5,0
1918,0,0,0,0,0,0,1,1,0,0,0,0,0,0,0,0,0,0,0,0,0,19,2,0
1922,0,0,0,0,1,0,0,0,0,0,0,0,0,0,0,0,0,0,0,0,0,20,1,0
1927,1,1,0,1,1,1,0,0,1,1,1,1,0,0,0,0,1,1,0,1,1,8,13,1
1928,0,0,0,0,0,0,0,0,0,0,0,0,0,0,0,0,0,0,0,0,0,21,0,0
1930,0,1,0,0,0,0,0,0,0,0,1,0,1,0,0,1,0,1,0,0,1,15,6,0
1933,0,0,0,0,1,0,1,1,0,0,1,0,0,1,0,0,0,1,0,1,0,14,7,0
1936,0,0,0,0,0,0,0,0,0,0,0,0,0,0,0,0,0,0,0,0,0,21,0,0
1937,0,0,0,0,0,0,0,0,0,0,0,0,0,0,0,0,0,0,0,0,0,21,0,0
1942,0,0,0,0,0,0,0,0,0,0,0,0,0,0,0,0,0,0,0,0,1,20,1,0
1943,1,1,0,0,0,1,0,0,0,1,1,1,0,1,1,1,1,1,0,0,1,9,12,1
1948,0,0,0,0,1,0,1,1,1,1,0,0,1,0,0,0,1,0,1,1,1,11,10,0
1957,1,1,0,1,1,0,0,1,0,0,1,0,1,1,0,1,1,1,0,0,1,9,12,1
1964,1,1,0,1,1,1,1,0,1,1,1,1,1,1,1,1,1,1,1,1,1,2,19,1
1967,0,0,1,0,0,0,0,0,0,0,0,0,0,0,0,0,0,0,0,0,0,20,1,0
1970,0,0,1,0,1,0,0,1,0,0,0,0,0,0,0,0,0,0,0,0,0,18,3,0
1972,0,0,1,0,1,0,1,0,0,1,1,0,0,0,0,0,1,0,1,0,0,14,7,0
1977,1,0,0,0,1,1,1,1,1,1,1,1,1,1,1,1,1,1,1,1,0,4,17,1
1979,1,1,1,1,1,1,1,1,1,1,1,1,1,1,1,1,1,1,1,1,1,0,21,1
1980,1,0,1,0,1,1,1,0,1,1,1,0,0,0,0,1,1,0,0,1,0,10,11,1
1982,0,0,0,0,0,0,0,0,0,0,0,0,0,0,0,0,0,0,0,0,0,21,0,0
1987,0,0,0,1,0,0,0,0,0,0,1,0,1,1,1,1,1,0,1,0,0,13,8,0
1990,1,1,0,1,1,1,1,0,1,1,1,1,1,1,1,1,1,1,1,1,1,2,19,1
1994,1,1,0,1,1,0,0,1,0,0,0,0,1,1,0,1,1,1,1,1,1,8,13,1
1996,0,0,0,0,0,0,0,0,1,0,0,0,0,0,0,1,1,0,0,0,0,18,3,0
2001,1,1,0,1,1,1,0,1,1,1,1,1,1,1,1,1,1,1,1,1,1,2,19,1
2002,1,1,1,1,0,1,1,0,1,0,1,0,0,1,0,0,0,1,1,1,0,9,12,1
2003,0,0,0,0,0,0,0,0,1,0,0,0,0,0,0,0,0,0,0,0,0,20,1,0
2013,0,0,0,0,0,0,0,1,0,0,0,0,0,0,0,0,0,0,0,0,0,20,1,0
2019,1,1,1,1,1,1,1,1,1,1,1,1,1,1,1,1,1,1,1,1,1,0,21,1
2022,0,0,0,0,0,0,0,0,0,0,0,0,0,0,0,0,0,0,0,0,0,21,0,0
2026,1,1,0,1,1,1,1,1,1,1,1,1,1,1,1,1,1,1,1,1,1,1,20,1
2034,1,0,0,0,1,1,1,1,0,1,1,1,1,1,1,1,0,0,1,0,0,8,13,1
2039,0,0,0,0,0,0,0,0,0,0,0,0,0,0,0,0,0,0,0,0,0,21,0,0
2043,0,0,0,1,0,0,0,0,0,0,0,0,0,0,0,0,0,0,0,0,0,20,1,0
2045,0,0,1,0,0,0,0,0,0,0,0,0,0,0,0,0,0,0,0,0,0,20,1,0
2047,1,1,0,1,1,1,1,1,1,1,1,1,1,1,1,1,1,1,1,1,1,1,20,1
2050,1,1,0,1,1,1,1,0,1,1,1,1,1,1,1,1,1,1,1,1,1,2,19,1
2052,1,1,0,1,1,0,0,1,0,1,1,1,1,1,1,1,1,1,1,1,1,4,17,1
2055,1,1,0,0,1,0,1,0,0,0,1,0,1,1,1,1,1,1,1,1,1,7,14,1
2059,1,1,1,1,1,1,0,1,0,1,0,1,0,0,1,1,0,1,1,1,1,6,15,1
2064,0,0,1,1,0,0,1,1,1,1,0,0,0,0,0,0,0,1,1,0,0,13,8,0
2069,0,0,0,0,0,1,0,0,0,0,0,1,1,0,1,1,1,0,0,0,0,15,6,0
2072,1,1,1,1,1,1,1,1,1,0,1,1,1,1,1,1,1,1,1,1,1,1,20,1
2074,1,1,0,1,1,1,0,1,1,1,1,0,1,1,0,1,1,0,1,1,0,6,15,1
2075,1,1,1,1,1,1,1,0,1,1,1,1,1,1,1,1,1,1,1,1,1,1,20,1
2077,1,1,0,0,1,0,1,1,1,1,1,1,1,1,1,1,1,1,1,1,1,3,18,1
2086,0,0,0,0,0,0,0,0,0,0,0,0,0,0,0,0,0,0,0,0,0,21,0,0
2089,0,0,0,0,0,0,0,0,0,0,0,0,0,0,0,1,1,0,0,0,0,19,2,0
2091,1,1,0,1,1,1,1,0,1,1,1,1,1,1,0,1,1,1,1,1,1,3,18,1
2093,1,1,0,0,1,1,0,1,0,1,1,0,1,1,1,0,0,0,1,0,0,10,11,1
2098,0,0,0,1,0,0,0,0,1,1,0,0,0,0,0,0,0,0,0,0,0,18,3,0
2106,0,0,0,0,0,0,0,0,0,0,0,0,0,0,0,0,0,0,0,0,0,21,0,0
2107,0,0,1,0,0,0,1,0,0,0,0,0,0,0,0,0,0,0,0,0,0,19,2,0
2109,0,0,0,0,0,0,1,0,1,1,0,0,0,0,0,0,0,0,0,1,0,17,4,0
2113,1,1,1,0,1,0,0,1,1,1,1,1,1,0,0,0,0,0,1,1,0,9,12,1
2114,0,0,0,1,0,0,0,0,0,0,0,0,0,0,1,0,0,0,0,0,0,19,2,0
2117,1,0,0,0,1,0,1,0,1,1,1,1,0,1,0,0,1,0,1,0,1,10,11,1
2118,0,1,0,0,1,0,0,0,0,0,1,1,0,0,1,0,1,1,1,1,1,11,10,0
2120,1,1,1,1,1,0,1,1,0,1,1,0,1,1,1,1,1,1,0,1,1,4,17,1
2123,0,0,0,0,0,0,0,0,1,1,0,0,0,0,0,0,0,0,0,0,0,19,2,0
2125,1,1,1,1,1,1,1,1,1,1,1,1,1,1,1,1,1,1,1,1,1,0,21,1
2130,1,1,0,1,1,1,1,0,1,1,1,1,0,1,1,1,1,1,1,1,1,3,18,1
2132,1,1,1,1,0,1,1,1,1,1,1,0,1,1,1,1,1,1,1,1,1,2,19,1
2134,1,1,1,1,1,1,1,1,1,1,1,1,1,1,1,1,0,1,1,1,1,1,20,1
2138,0,1,1,1,0,0,1,0,0,1,0,0,0,0,0,0,0,1,1,0,1,13,8,0
2141,1,0,0,1,0,1,0,0,1,0,1,1,1,1,0,1,1,1,1,1,1,7,14,1
2149,0,1,1,1,0,1,1,0,0,0,0,0,0,0,0,0,1,1,0,0,1,13,8,0
2157,0,0,0,0,0,0,0,0,0,0,0,0,0,0,0,0,0,0,0,0,0,21,0,0
2161,0,0,0,1,1,0,0,1,1,0,0,0,0,0,0,0,0,1,0,0,1,15,6,0
2162,0,0,0,1,1,0,0,0,0,0,0,0,1,0,1,1,1,0,0,1,1,13,8,0
2166,0,0,0,1,1,0,0,0,0,0,0,0,1,1,1,1,1,1,0,1,0,12,9,0
2173,0,1,1,0,1,0,1,0,0,1,0,1,0,0,0,0,1,0,1,0,1,12,9,0
2177,1,1,0,1,1,1,1,1,1,1,1,1,1,1,1,1,1,1,1,1,1,1,20,1
2181,0,0,0,0,1,1,0,0,1,1,1,1,1,0,0,0,1,0,0,0,0,13,8,0
2182,0,0,0,0,0,0,0,0,0,0,0,0,0,0,0,0,0,0,0,0,0,21,0,0
2183,0,1,0,0,0,1,0,0,0,1,0,1,0,0,0,0,0,0,0,0,1,16,5,0
2186,1,1,1,1,1,1,1,1,1,1,0,1,1,0,1,1,1,1,1,1,1,2,19,1
2192,0,0,0,0,0,0,0,0,0,0,0,0,0,0,0,0,0,0,0,0,0,21,0,0
2193,1,1,0,1,1,0,1,1,0,0,1,0,0,0,1,1,1,1,1,1,1,7,14,1
2194,1,1,0,1,1,1,1,1,1,1,1,1,0,1,1,1,1,1,1,1,1,2,19,1
2195,0,1,1,0,0,0,0,0,0,1,1,0,1,1,0,0,0,0,0,0,0,15,6,0
2202,0,0,0,0,1,0,0,0,1,0,0,0,0,0,0,0,1,0,0,0,0,18,3,0
2205,1,1,1,1,0,0,0,0,0,1,1,1,1,1,1,1,0,1,0,0,1,8,13,1
2212,1,1,1,1,1,1,1,0,1,1,1,1,1,1,1,1,1,1,1,1,1,1,20,1
2219,0,0,0,0,0,0,0,0,0,0,0,0,0,0,0,0,0,0,0,0,0,21,0,0
2223,0,0,0,0,0,0,1,0,0,0,0,0,0,0,0,0,0,0,0,0,0,20,1,0
2227,1,1,1,1,0,1,1,1,1,1,1,1,1,1,1,1,1,1,1,1,1,1,20,1
2230,0,0,0,0,1,0,0,0,1,0,0,1,0,0,0,0,0,0,0,0,0,18,3,0
2231,1,1,1,1,1,1,1,1,1,1,1,1,1,1,1,1,1,1,1,1,1,0,21,1
2240,0,1,1,0,0,0,1,0,0,0,0,0,0,0,0,0,0,1,0,1,1,15,6,0
2249,1,1,0,1,1,1,1,1,1,1,1,1,1,1,1,1,1,1,1,1,1,1,20,1
2250,0,0,0,1,0,0,0,0,0,1,0,0,0,0,0,1,1,1,0,0,1,15,6,0
2252,1,1,1,0,1,1,1,0,1,1,1,1,1,1,1,1,1,1,1,1,1,2,19,1
2260,1,1,1,1,1,0,1,1,1,1,1,1,1,1,1,1,1,1,1,1,1,1,20,1
2261,1,1,1,0,1,1,1,0,1,1,1,1,1,1,1,1,1,1,1,1,1,2,19,1
2268,1,1,1,1,1,0,1,1,1,0,1,0,1,1,1,1,1,1,1,1,1,3,18,1
2270,0,1,0,1,0,0,1,0,1,0,0,0,0,0,0,0,0,1,0,1,1,14,7,0
2271,1,1,1,1,1,1,1,0,1,1,1,1,1,1,1,1,1,1,1,1,1,1,20,1
2272,1,0,0,0,1,1,0,1,1,1,1,0,1,1,0,1,1,1,1,1,0,7,14,1
2276,1,0,0,1,1,0,1,1,0,0,1,0,1,1,0,1,1,0,1,1,0,9,12,1
2277,1,0,0,1,1,1,1,0,1,0,0,1,1,1,0,1,1,1,0,0,1,8,13,1
2280,1,1,1,1,1,1,1,0,1,1,1,1,1,1,1,1,1,1,1,1,1,1,20,1
2281,0,1,0,1,1,1,0,1,1,1,0,0,0,0,0,0,0,0,0,1,0,13,8,0
2282,1,1,1,1,1,1,1,1,0,0,1,0,1,1,1,1,1,1,1,1,1,3,18,1
2286,1,1,0,1,0,0,1,0,1,0,1,0,1,1,1,1,1,1,1,1,1,6,15,1
2287,1,1,0,0,1,1,0,0,0,1,0,1,1,1,0,1,0,1,0,1,0,10,11,1
2289,0,0,0,0,0,1,0,0,1,1,1,0,1,1,0,0,0,0,1,0,0,14,7,0
2297,0,0,0,1,0,0,0,0,0,0,0,0,1,1,0,0,0,0,0,0,0,18,3,0
2300,1,1,1,1,1,0,1,0,0,0,1,1,1,0,1,0,0,1,1,1,0,8,13,1
2302,0,1,0,1,0,0,0,1,0,0,0,0,0,0,0,0,0,0,0,0,0,18,3,0
2305,1,1,1,1,1,0,0,1,1,1,1,1,1,1,1,1,1,1,1,1,1,2,19,1
2308,1,1,1,1,1,1,1,1,1,1,1,0,1,1,1,1,1,1,1,1,1,1,20,1
2310,1,1,0,1,1,1,0,0,1,1,1,1,1,1,1,1,1,1,1,1,1,3,18,1
2322,0,0,0,1,1,0,0,1,0,0,0,0,0,0,0,0,0,1,0,0,0,17,4,0
2323,1,1,0,1,1,1,0,1,1,1,1,1,1,1,1,1,1,0,1,0,0,5,16,1
2330,1,0,1,0,1,1,0,1,0,0,1,0,1,1,1,1,1,0,1,1,0,8,13,1
2333,0,0,0,0,0,0,0,0,0,0,0,0,0,0,0,0,0,0,0,0,0,21,0,0
2336,0,0,0,0,0,0,0,1,0,1,0,0,1,0,0,0,0,0,0,0,0,18,3,0
2344,1,1,0,1,1,1,1,1,1,1,1,1,1,1,1,1,1,1,1,1,1,1,20,1
2346,0,0,1,0,0,0,0,1,0,0,0,0,0,1,0,1,0,0,0,0,0,17,4,0
2347,0,0,0,1,0,0,0,0,0,0,0,0,0,0,0,0,0,0,0,0,0,20,1,0
2348,0,0,1,0,0,0,1,0,0,1,0,0,0,0,0,0,0,0,0,1,0,17,4,0
2349,0,0,0,0,0,0,0,0,0,0,0,0,0,0,0,0,0,0,0,0,0,21,0,0
2350,0,0,0,0,0,0,0,0,1,0,0,0,0,0,0,0,0,0,0,0,0,20,1,0
2351,1,1,0,1,1,1,1,0,1,1,1,1,1,1,1,1,1,1,1,1,1,2,19,1
2352,1,1,1,1,1,1,1,1,1,1,1,1,1,1,1,1,0,1,1,0,1,2,19,1
2354,0,0,1,1,0,1,0,0,0,0,0,1,0,0,1,1,1,1,1,0,1,11,10,0
2355,0,0,1,0,1,0,0,0,0,0,0,0,0,0,0,0,0,0,1,0,0,18,3,0
2358,0,0,0,0,0,0,0,0,0,0,0,0,0,0,0,0,0,0,0,0,0,21,0,0
2361,1,1,1,1,1,1,1,1,1,1,1,1,1,1,1,1,1,1,1,1,1,0,21,1
2366,1,1,0,1,1,1,1,1,1,1,1,1,0,1,1,1,1,1,1,1,1,2,19,1
2369,0,1,0,1,0,0,0,0,0,0,0,0,0,0,0,0,0,1,0,0,1,17,4,0
2370,1,1,1,1,1,1,1,0,1,1,1,1,1,1,1,1,1,1,1,1,1,1,20,1
2371,1,1,0,1,1,1,1,0,1,1,1,1,0,1,1,1,0,1,1,1,1,4,17,1
2377,0,0,1,1,1,0,0,0,0,0,1,1,0,0,1,0,1,0,1,0,1,12,9,0
2378,1,1,1,1,1,0,1,1,1,1,0,1,1,1,1,1,1,0,1,1,1,3,18,1
2381,1,1,0,1,1,1,0,1,1,0,1,0,1,1,1,1,0,0,0,1,0,8,13,1
2386,0,0,0,0,0,0,0,0,0,0,0,0,0,0,0,0,0,0,0,0,0,21,0,0
2387,1,0,0,1,0,1,1,1,1,1,1,1,0,1,1,1,1,1,1,1,0,5,16,1
2403,1,1,1,1,1,1,1,1,1,1,1,1,1,1,1,1,1,1,1,1,1,0,21,1
2404,1,1,0,1,1,0,1,0,1,0,0,1,0,0,1,1,1,1,0,0,1,9,12,1
2408,0,0,0,0,0,0,0,0,0,0,0,0,0,0,0,0,0,0,0,0,0,21,0,0
2409,1,1,1,1,1,1,1,1,1,1,1,1,1,1,1,1,1,1,1,1,1,0,21,1
2411,1,1,1,1,1,1,1,1,1,1,1,1,1,1,1,1,1,1,1,1,1,0,21,1
2412,0,0,0,0,1,1,0,0,1,1,1,0,0,1,0,1,1,0,0,1,0,12,9,0
2417,0,1,0,0,0,1,0,0,1,0,0,1,0,0,0,0,0,1,0,0,1,15,6,0
2418,1,0,0,1,0,1,1,0,0,1,1,1,1,1,1,1,1,1,1,1,0,6,15,1
2419,1,1,1,1,1,0,1,1,0,1,1,1,1,1,1,1,1,0,1,0,1,4,17,1
2422,1,1,1,1,1,0,1,1,1,1,1,1,1,1,1,1,1,1,1,1,1,1,20,1
2423,0,0,1,0,1,0,0,0,0,0,0,0,0,0,0,0,0,0,0,0,0,19,2,0
2424,0,0,0,0,0,0,0,0,0,0,0,0,0,0,0,0,0,0,0,0,0,21,0,0
2429,0,0,0,0,0,0,1,1,1,1,1,0,0,0,0,0,0,0,0,0,0,16,5,0
2431,1,1,0,0,1,1,0,0,1,1,1,1,1,1,1,1,1,1,1,1,0,5,16,1
2433,0,0,1,0,1,0,0,1,1,1,0,0,1,0,1,0,0,0,1,1,0,12,9,0
2436,1,1,1,1,1,1,1,1,1,1,1,1,1,1,1,1,1,1,1,1,1,0,21,1
2437,0,0,0,0,0,0,0,0,0,0,0,0,0,0,0,0,0,0,0,0,0,21,0,0
2440,1,1,0,1,1,1,1,1,1,1,1,1,1,1,1,1,1,1,1,1,1,1,20,1
2443,0,1,1,0,0,0,1,0,1,1,0,0,0,0,0,0,0,0,1,0,0,15,6,0
2446,0,0,1,1,0,0,1,0,0,0,0,0,0,0,0,0,0,0,1,0,0,17,4,0
2448,0,0,0,0,1,0,0,0,0,0,0,0,0,0,0,0,0,1,0,1,0,18,3,0
2449,0,0,0,1,1,1,1,0,0,0,0,1,1,1,0,1,0,0,1,0,0,12,9,0
2452,1,1,0,1,1,1,1,1,1,1,1,1,1,1,1,1,1,1,1,1,1,1,20,1
2454,1,1,0,0,1,1,1,0,0,1,1,1,1,1,1,1,1,1,1,1,1,4,17,1
2457,1,1,1,1,1,1,1,1,1,1,0,1,0,1,0,1,1,1,1,1,1,3,18,1
2458,1,0,0,0,1,1,0,1,0,1,1,0,1,1,1,0,1,0,1,1,0,9,12,1
2463,0,0,1,0,0,0,0,0,0,0,0,0,0,0,0,0,0,0,0,0,0,20,1,0
2468,1,1,1,1,1,1,1,1,1,1,1,1,1,1,1,1,1,1,1,1,1,0,21,1
2471,0,0,0,0,1,0,0,0,1,1,0,1,0,1,0,1,1,0,0,0,0,14,7,0
2483,0,0,0,0,0,0,0,0,0,1,0,0,0,0,0,0,0,0,0,0,0,20,1,0
2493,0,1,0,1,0,0,0,0,0,0,0,0,0,0,0,0,0,0,0,0,1,18,3,0
2496,1,0,0,1,1,0,1,0,1,0,1,1,1,1,1,1,1,1,1,1,1,5,16,1
2498,1,1,1,1,1,1,1,1,0,0,1,1,1,1,1,0,1,1,1,1,1,3,18,1
2503,1,1,1,1,1,1,1,1,1,1,1,1,1,1,1,1,1,1,1,1,1,0,21,1
2505,0,0,0,0,0,0,0,0,0,0,0,0,0,0,0,0,0,0,0,0,0,21,0,0
2507,1,1,0,1,1,1,1,1,1,1,1,1,1,1,1,1,1,1,1,1,1,1,20,1
2513,1,1,1,1,1,0,1,1,1,1,1,1,1,1,1,1,1,1,1,1,1,1,20,1
2514,1,0,0,1,0,1,1,0,1,0,1,1,1,1,1,1,1,1,1,1,1,5,16,1
2518,1,1,1,1,1,1,1,0,1,0,1,0,1,1,1,1,1,1,1,1,1,3,18,1
2520,0,0,0,0,0,0,0,0,0,0,0,0,0,0,0,0,0,0,0,0,0,21,0,0
2528,0,1,0,1,1,0,0,0,0,1,1,0,1,0,0,0,1,1,1,0,1,11,10,0
2530,0,1,1,1,0,1,0,1,1,0,0,0,0,0,1,1,0,0,0,0,1,12,9,0
2533,1,1,0,1,1,0,1,1,1,0,1,0,1,1,1,1,1,1,1,1,1,4,17,1
2536,0,0,1,0,0,0,1,0,0,0,0,0,0,0,0,0,0,0,0,0,0,19,2,0
2538,1,1,1,1,1,1,1,1,1,1,1,1,1,1,1,1,1,1,1,1,1,0,21,1
2539,1,1,0,0,0,1,0,1,1,0,1,0,1,1,1,1,1,1,0,1,1,7,14,1
2541,1,1,1,1,1,1,1,0,0,0,1,1,1,1,1,1,1,1,1,1,1,3,18,1
2543,0,1,0,0,0,0,0,0,0,0,0,0,0,0,1,0,1,0,0,0,1,17,4,0
2545,1,1,0,1,1,1,1,1,0,1,1,1,1,1,1,1,1,1,1,1,1,2,19,1
2549,1,1,0,1,1,0,0,0,1,1,1,1,1,1,1,1,1,1,1,1,1,4,17,1
2551,0,0,0,0,0,0,0,1,0,0,0,0,0,1,0,0,0,0,0,0,0,19,2,0
2554,0,1,1,0,0,0,1,0,0,0,0,0,0,0,0,0,0,1,0,0,1,16,5,0
2555,1,0,0,1,1,1,1,1,1,1,1,1,1,1,1,1,1,1,1,1,0,3,18,1
2556,1,1,0,1,1,1,1,1,1,1,1,1,1,1,1,1,1,1,1,1,1,1,20,1
2563,0,0,1,0,0,0,1,0,1,0,0,0,0,0,0,0,0,0,0,0,0,18,3,0
2565,0,0,1,0,1,0,1,1,1,1,0,0,1,1,0,0,1,0,0,0,1,11,10,0
2566,1,0,1,1,1,1,1,1,1,1,1,1,1,1,1,1,1,1,1,1,1,1,20,1
2567,1,1,0,1,1,1,0,0,1,0,1,0,1,1,1,0,1,0,1,1,1,7,14,1
2575,0,0,0,0,0,0,0,0,0,0,0,0,0,0,0,0,0,0,0,0,0,21,0,0
2576,1,1,0,1,1,1,0,1,1,1,1,1,1,1,1,1,1,1,1,1,1,2,19,1
2577,1,0,0,0,1,0,0,1,0,1,1,0,1,1,1,1,1,0,1,1,0,9,12,1
2578,0,0,0,0,0,0,1,0,0,0,0,0,0,0,0,0,0,0,0,0,0,20,1,0
2581,1,1,0,1,0,1,0,1,1,1,1,1,1,1,1,1,1,1,1,1,1,3,18,1
2587,1,0,1,1,1,1,1,1,1,1,1,1,1,1,1,1,1,1,1,1,0,2,19,1
2589,0,0,0,0,0,0,0,0,1,0,0,0,1,1,0,0,1,0,0,0,0,17,4,0
2596,1,1,1,0,1,1,1,1,1,1,1,1,1,1,1,1,1,1,1,1,0,2,19,1
2599,0,1,0,1,1,0,0,0,1,0,0,0,0,0,0,0,0,0,0,0,0,17,4,0
2603,0,0,1,0,0,0,0,0,0,0,1,0,0,0,0,1,0,0,0,0,0,18,3,0
2609,1,1,1,1,1,1,1,1,1,1,1,1,0,1,1,1,1,1,1,1,1,1,20,1
2612,0,0,1,0,0,0,1,0,1,0,0,0,0,0,0,0,1,0,0,0,0,17,4,0
2619,1,0,0,1,0,0,1,0,0,0,1,1,0,0,1,1,1,1,0,1,1,10,11,1
2623,0,0,0,0,0,0,0,0,0,0,0,0,0,0,0,0,1,1,0,0,0,19,2,0
2632,1,1,1,1,0,1,1,1,1,0,0,1,1,1,1,0,1,1,0,0,1,6,15,1
2635,0,0,0,0,0,0,0,0,0,0,1,0,1,1,1,1,0,0,0,0,0,16,5,0
2639,1,1,0,1,1,1,1,1,1,1,1,1,1,1,1,1,1,1,1,1,1,1,20,1
2640,1,1,1,1,1,1,1,0,1,1,1,1,1,1,1,1,1,1,1,1,1,1,20,1
2643,0,0,0,0,0,0,0,0,0,0,0,1,0,0,0,1,0,0,0,0,0,19,2,0
2646,0,0,0,0,1,0,0,0,0,0,0,0,0,0,1,1,0,0,0,1,0,17,4,0
2653,1,0,1,1,1,1,0,1,1,0,1,1,1,1,1,1,1,0,1,0,0,6,15,1
2666,1,1,1,1,1,1,1,1,1,1,1,1,1,1,1,1,1,1,1,1,1,0,21,1
2668,0,0,1,0,0,0,1,0,1,1,0,0,0,0,0,0,0,0,0,1,0,16,5,0
2670,1,0,1,1,1,0,1,1,0,1,1,1,1,1,1,1,1,0,1,0,1,5,16,1
2672,1,0,0,1,0,1,1,0,1,0,1,1,1,1,1,1,1,1,1,1,1,5,16,1
2675,1,1,0,0,1,1,0,0,1,1,1,1,1,1,1,0,1,1,0,1,0,7,14,1
2686,0,0,0,0,0,0,0,0,0,0,0,0,0,0,0,0,0,0,0,0,0,21,0,0
2687,0,0,0,0,0,0,1,1,0,0,0,0,0,1,0,0,0,0,0,1,0,17,4,0
2689,1,1,0,1,1,0,1,0,1,1,1,1,1,0,1,1,1,1,0,1,1,5,16,1
2691,1,0,1,1,1,1,1,1,1,1,1,1,1,1,1,0,0,1,1,1,0,4,17,1
2696,0,0,1,0,1,1,1,1,1,0,0,0,0,0,0,0,0,0,0,0,1,14,7,0
2700,1,0,1,0,1,0,1,1,1,1,1,0,1,1,1,1,0,0,1,0,0,8,13,1
2703,0,1,0,1,0,0,1,0,0,0,0,0,0,0,0,0,0,1,0,0,0,17,4,0
2707,0,0,1,0,0,0,0,0,0,0,0,0,0,0,0,0,0,0,0,0,0,20,1,0
2708,0,1,1,0,1,0,0,0,0,0,0,0,0,1,0,0,0,0,1,0,0,16,5,0
2718,0,1,0,0,0,0,0,0,0,0,0,1,0,0,0,0,0,0,0,0,1,18,3,0
2722,0,0,0,0,0,0,0,0,0,0,0,0,0,0,0,0,0,0,0,0,0,21,0,0
2726,1,1,0,1,1,1,1,1,1,1,1,1,1,1,1,1,1,1,1,1,1,1,20,1
2728,1,1,1,1,1,1,1,1,1,1,1,1,1,1,1,1,1,1,1,1,1,0,21,1
2729,0,0,0,0,1,0,0,0,1,1,0,1,0,0,0,0,1,0,0,0,0,16,5,0
2730,0,0,0,0,0,0,1,1,0,0,1,0,0,0,0,0,0,1,0,1,0,16,5,0
2738,0,0,0,0,1,0,0,1,0,1,0,0,0,0,0,0,0,0,0,0,1,17,4,0
2742,0,0,0,0,0,0,0,0,0,0,0,0,0,0,0,0,0,0,0,0,0,21,0,0
2745,1,1,0,1,1,1,1,1,1,1,1,1,1,1,1,1,1,1,1,1,1,1,20,1
2747,0,0,1,0,0,0,0,1,0,0,0,0,0,0,1,1,0,0,1,0,0,16,5,0
2749,0,0,0,0,0,0,0,0,1,1,0,0,0,0,0,0,0,0,0,0,0,19,2,0
2752,0,0,0,0,0,1,0,0,0,0,0,0,1,0,0,0,0,0,0,0,0,19,2,0
2753,0,0,1,0,0,0,0,0,1,1,0,0,0,0,0,0,0,0,0,0,0,18,3,0
2757,0,1,0,1,0,1,0,0,0,0,0,0,0,1,0,0,0,0,1,0,0,16,5,0
2766,0,0,1,0,0,1,0,0,1,1,0,0,0,0,0,1,1,0,0,0,0,15,6,0
2768,0,0,0,0,0,0,0,0,0,0,0,0,0,0,0,0,0,0,0,0,0,21,0,0
2769,1,1,1,1,1,0,1,0,1,1,0,1,0,0,0,1,0,1,0,0,1,9,12,1
2777,1,0,0,1,0,1,0,0,0,0,1,0,1,0,1,1,1,1,1,0,1,10,11,1
2780,0,1,0,0,0,1,0,0,0,0,1,0,1,1,0,1,0,1,0,0,1,13,8,0
2784,0,0,0,0,1,0,1,0,0,1,0,0,0,0,0,0,0,0,0,0,0,18,3,0
2786,1,1,1,1,1,1,1,0,1,1,1,1,1,1,1,1,1,1,1,1,1,1,20,1
2787,0,1,0,0,0,0,0,1,1,1,0,0,1,1,0,0,0,0,0,0,0,15,6,0
2792,0,1,0,1,0,0,0,0,0,0,0,0,1,0,0,0,0,0,0,0,1,17,4,0
2795,1,1,1,1,1,1,1,0,0,1,0,1,0,1,0,0,0,1,1,0,0,9,12,1
2798,1,1,1,0,1,1,1,0,1,1,1,0,1,1,0,1,1,0,1,1,1,5,16,1
2799,1,1,1,1,0,0,1,0,0,1,1,1,1,1,0,0,0,0,1,0,1,9,12,1
2801,0,1,0,1,0,0,0,1,0,0,0,0,0,0,0,0,0,0,0,0,0,18,3,0
2806,0,0,0,0,0,0,1,1,1,1,1,0,1,1,0,1,0,0,0,1,0,12,9,0
2814,0,0,0,0,0,0,0,0,0,0,0,0,0,0,0,0,0,0,0,0,0,21,0,0
2821,0,0,0,0,0,0,0,0,0,0,0,0,0,0,0,0,0,0,0,0,0,21,0,0
2827,1,1,1,1,1,1,1,1,1,1,1,1,1,1,1,1,1,1,1,1,1,0,21,1
2828,1,1,0,1,0,0,0,0,0,1,1,0,1,1,1,1,1,1,1,1,1,7,14,1
2835,1,1,0,1,1,1,0,1,1,0,1,1,1,1,1,1,1,1,1,1,1,3,18,1
2837,0,0,1,0,1,0,1,1,1,1,0,0,0,0,0,0,0,0,0,0,1,14,7,0
2838,1,1,1,1,1,1,1,1,1,1,1,1,1,1,1,1,1,1,1,1,1,0,21,1
2839,0,0,0,0,0,0,1,0,1,1,0,0,0,0,0,1,1,0,0,0,0,16,5,0
2841,0,0,0,0,0,0,0,0,0,0,0,0,0,0,1,0,0,0,1,1,0,18,3,0
2845,1,1,0,1,1,1,0,0,0,1,1,0,1,1,1,0,1,1,1,0,1,7,14,1
2847,0,1,0,0,0,0,0,0,0,0,0,0,0,0,0,0,0,1,0,0,0,19,2,0
2849,0,0,0,1,0,0,0,0,0,0,0,0,0,0,0,0,0,0,0,0,0,20,1,0
2852,1,1,1,1,1,1,0,0,0,1,1,1,1,1,1,1,1,1,1,1,1,3,18,1
2863,0,0,0,1,0,1,0,0,0,1,0,0,0,1,1,1,0,0,1,0,0,14,7,0
2865,0,1,0,0,0,0,0,0,0,0,0,0,0,0,0,0,0,1,0,0,1,18,3,0
2867,0,0,0,0,1,1,0,1,0,0,0,0,0,0,0,0,0,0,0,0,0,18,3,0
2869,1,1,0,1,1,0,0,1,1,1,0,0,0,0,1,1,1,1,1,1,1,7,14,1
2872,1,0,0,1,1,1,0,1,1,1,1,1,1,1,1,1,0,0,1,1,0,6,15,1
2873,1,1,0,1,0,1,0,0,0,0,1,1,1,0,0,1,0,1,1,1,1,9,12,1
2877,0,0,0,0,1,0,0,1,0,0,0,0,0,0,1,0,1,0,0,0,0,17,4,0
2879,1,1,1,1,1,1,1,1,1,1,1,1,1,1,1,1,1,1,1,1,1,0,21,1
2882,1,1,1,1,1,1,1,1,1,1,1,1,1,1,1,1,1,1,1,0,1,1,20,1
2892,1,0,0,1,1,1,1,1,1,1,0,0,0,1,1,0,0,0,1,0,0,10,11,1
2893,1,1,1,1,1,0,1,0,1,1,1,0,1,0,0,0,0,1,1,1,0,8,13,1
2898,1,0,0,1,1,0,1,0,1,1,1,0,1,1,1,1,1,1,0,1,1,6,15,1
2900,0,0,1,1,0,1,0,0,0,0,0,0,0,0,1,0,0,0,0,0,0,17,4,0
2915,0,0,1,0,0,0,0,0,0,0,0,0,0,0,0,0,0,0,0,0,0,20,1,0
2916,0,0,0,0,1,0,0,0,1,1,0,0,0,0,1,0,0,0,0,0,0,17,4,0
2917,1,1,0,1,1,1,1,1,1,1,1,1,1,1,1,1,1,1,1,1,1,1,20,1
2919,0,1,1,1,1,1,1,0,0,1,0,0,0,0,1,0,0,0,1,0,0,12,9,0
2923,0,0,1,0,0,0,0,0,0,0,0,0,0,0,0,0,0,0,0,1,0,19,2,0
2924,1,0,0,1,1,0,0,1,1,1,0,0,0,1,1,1,1,0,1,1,1,8,13,1
2926,1,1,1,1,1,1,1,0,1,1,1,1,1,1,0,1,1,1,1,1,1,2,19,1
2931,0,0,1,0,1,0,0,1,0,0,0,0,0,0,0,0,0,0,0,0,0,18,3,0
2932,1,1,1,1,1,1,1,0,0,1,1,1,1,1,0,0,0,1,1,1,1,5,16,1
2935,1,1,0,1,1,1,1,1,1,0,1,1,0,1,1,1,1,0,1,1,1,4,17,1
2942,1,1,1,1,1,1,1,1,0,1,1,1,1,1,1,1,1,1,1,0,1,2,19,1
2948,0,0,0,0,1,1,0,0,1,1,0,1,0,0,0,1,0,0,0,0,0,15,6,0
2949,1,1,1,1,1,1,1,1,1,1,1,1,1,1,1,1,1,1,1,1,1,0,21,1
2950,0,0,0,1,0,0,1,0,0,0,0,0,1,0,0,0,1,1,0,0,1,15,6,0
2953,1,1,1,1,1,1,1,1,1,1,1,1,1,1,1,1,1,1,1,1,1,0,21,1
2956,0,0,1,0,1,0,0,0,1,1,0,0,0,0,0,0,0,0,0,0,0,17,4,0
2962,1,1,1,1,1,1,1,1,1,1,1,1,1,1,1,1,1,1,1,1,1,0,21,1
2966,1,0,1,1,1,1,0,1,1,1,1,0,1,1,1,1,1,0,1,0,1,5,16,1
2969,1,1,1,1,1,1,1,1,1,1,1,1,1,1,1,1,1,1,1,1,1,0,21,1
2971,0,0,0,0,0,0,0,0,0,1,0,0,1,0,0,0,1,0,0,0,0,18,3,0
2973,0,0,0,0,0,0,0,0,0,0,0,0,0,0,0,0,0,0,0,0,0,21,0,0
2974,0,0,0,0,0,0,1,0,0,0,0,0,0,0,0,0,0,0,0,0,0,20,1,0
2976,1,1,1,1,1,1,1,1,1,1,1,1,1,1,1,1,1,1,1,1,1,0,21,1
2984,1,1,1,1,1,1,1,1,1,1,1,1,1,1,1,1,1,1,1,1,1,0,21,1
2987,1,1,1,1,1,1,1,1,1,1,1,1,1,1,1,1,0,1,1,0,1,2,19,1
2989,0,1,0,0,1,0,1,0,0,0,1,0,0,0,0,1,0,1,0,0,1,14,7,0
2990,1,0,1,0,0,1,0,0,1,1,1,1,1,1,1,1,1,0,1,1,0,7,14,1
2995,1,1,1,1,1,1,1,1,1,1,1,1,1,1,1,1,1,1,1,1,1,0,21,1
3001,0,0,0,0,0,0,0,0,1,0,0,0,0,0,0,1,0,0,0,0,0,19,2,0
3005,0,0,1,0,0,0,1,1,0,0,0,0,0,0,0,0,0,0,0,1,0,17,4,0
3006,1,1,1,1,1,1,1,0,1,1,1,1,1,1,1,1,1,1,1,1,1,1,20,1
3009,0,0,0,0,0,0,0,0,0,0,0,0,0,0,0,0,0,0,0,0,0,21,0,0
3010,1,1,1,1,1,1,1,0,1,1,1,1,1,1,1,1,1,1,1,1,1,1,20,1
3013,0,0,0,0,1,0,0,1,1,0,0,0,0,0,1,0,0,0,1,0,0,16,5,0
3014,0,0,1,0,0,1,0,0,0,0,0,0,0,0,0,0,0,0,0,0,0,19,2,0
3015,0,0,1,0,0,0,0,0,0,0,0,0,0,1,0,0,0,0,0,0,0,19,2,0
3016,1,1,1,1,1,1,1,1,1,1,1,1,1,1,1,1,1,1,1,1,1,0,21,1
3019,0,0,0,1,0,0,0,0,0,0,0,1,0,0,1,1,1,0,0,0,1,15,6,0
3020,1,1,0,0,1,1,0,0,1,1,1,1,1,1,1,0,1,1,0,1,1,6,15,1
3035,0,0,0,0,0,0,0,0,1,0,0,0,0,0,0,0,0,0,0,0,0,20,1,0
3039,0,0,1,0,1,0,0,0,0,1,1,0,1,1,0,0,0,0,1,0,0,14,7,0
3045,0,1,0,1,1,0,0,1,0,0,0,0,0,0,0,1,0,0,1,1,1,13,8,0
3050,0,0,0,0,0,0,1,0,1,0,0,0,0,0,0,0,0,0,0,0,0,19,2,0
3059,1,1,1,1,1,1,1,1,1,0,1,0,1,1,1,1,1,1,1,1,1,2,19,1
3062,0,0,1,0,1,0,0,0,0,0,0,0,0,0,0,0,0,0,0,0,0,19,2,0
3063,1,0,1,1,0,1,1,1,1,1,1,1,1,1,1,1,1,1,1,1,1,2,19,1
3067,1,1,1,1,1,1,1,1,1,1,1,1,1,1,1,1,1,1,1,1,1,0,21,1
3069,0,1,0,1,1,0,1,0,0,1,0,0,1,1,0,0,0,1,1,0,1,11,10,0
3070,0,0,1,0,1,0,0,0,0,1,0,0,0,0,0,0,0,0,0,0,0,18,3,0
3074,0,0,1,0,0,0,1,1,1,0,0,0,0,0,1,0,0,1,0,0,0,15,6,0
3075,0,0,1,0,0,0,0,0,0,0,0,0,0,0,0,0,0,0,0,0,0,20,1,0
3076,1,0,0,1,1,0,1,1,1,1,1,0,1,1,1,1,1,1,1,1,1,4,17,1
3078,1,1,0,1,1,1,1,0,1,1,1,1,1,1,1,1,0,1,1,1,0,4,17,1
3079,1,1,1,1,1,0,1,0,0,0,1,0,1,1,1,1,1,1,1,1,1,5,16,1
3080,1,1,1,1,1,1,1,0,1,1,1,1,1,1,1,1,0,1,1,1,1,2,19,1
3081,0,0,0,0,0,0,0,0,0,0,0,0,0,0,0,0,0,0,0,0,0,21,0,0
3084,1,1,0,1,1,0,1,0,0,1,1,0,1,1,0,1,0,1,1,0,1,8,13,1
3088,1,1,1,1,1,1,1,1,1,1,1,1,1,1,1,1,1,1,1,1,1,0,21,1
3094,1,1,1,1,1,1,1,1,1,1,1,1,1,1,1,1,1,1,1,1,1,0,21,1
3097,1,0,0,1,1,1,1,1,1,1,1,0,0,1,1,1,0,0,1,0,0,8,13,1
3100,0,0,0,1,0,0,1,0,0,0,0,0,0,0,0,1,1,1,0,0,1,15,6,0
3105,0,0,1,0,0,0,1,1,0,0,0,0,0,0,0,0,0,0,0,0,0,18,3,0
3109,1,1,1,1,1,1,1,0,1,0,1,0,1,1,1,1,1,1,1,1,1,3,18,1
3110,0,1,0,1,0,0,1,0,0,0,1,0,0,0,0,0,0,1,0,1,0,15,6,0
3113,0,0,1,0,0,0,0,0,0,0,0,0,0,0,0,0,0,0,0,0,0,20,1,0
3118,0,0,0,0,0,1,0,0,0,0,0,0,0,0,0,0,0,0,0,1,0,19,2,0
3127,0,0,1,0,0,0,0,0,0,0,0,0,0,0,0,0,0,0,0,0,0,20,1,0
3128,0,0,0,0,0,0,0,0,0,0,0,0,0,0,0,0,0,0,0,0,0,21,0,0
3130,1,1,1,0,0,1,1,1,1,1,1,1,0,0,1,1,1,1,0,1,1,5,16,1
3132,1,1,0,1,0,1,1,1,1,1,1,1,0,1,1,1,1,1,1,1,1,3,18,1
3133,1,1,0,1,1,1,1,0,1,1,1,1,1,1,1,1,1,1,1,1,1,2,19,1
3134,0,0,1,0,1,0,0,0,0,0,1,0,1,0,0,0,0,0,1,0,0,16,5,0
3137,1,1,0,1,1,1,1,0,0,1,1,0,1,1,1,1,1,1,1,1,1,4,17,1
3138,1,1,1,1,1,1,1,1,1,1,1,1,1,1,1,1,1,1,1,1,1,0,21,1
3140,0,0,0,0,0,0,0,0,0,1,0,0,0,0,0,0,0,0,0,0,0,20,1,0
3144,1,1,1,1,1,1,1,1,1,1,1,1,1,1,1,1,1,1,1,1,1,0,21,1
3148,1,1,0,1,1,1,0,0,0,1,1,1,1,1,1,1,0,1,1,0,1,6,15,1
3153,0,0,0,0,0,0,0,0,0,0,0,0,0,0,0,0,0,0,0,0,0,21,0,0
3154,0,0,0,0,0,0,0,0,0,0,0,0,0,0,0,0,0,0,0,0,0,21,0,0
3163,0,0,0,0,0,0,0,0,1,0,0,0,0,0,0,0,0,0,0,0,0,20,1,0
3169,0,1,1,0,0,0,0,0,0,0,0,0,0,0,1,0,1,1,0,0,1,15,6,0
3170,1,1,1,1,1,1,0,1,1,1,1,1,0,0,1,1,1,1,1,0,1,4,17,1
3171,0,0,0,1,1,1,0,0,0,0,1,0,1,1,1,0,0,0,1,1,0,12,9,0
3175,0,0,0,0,0,0,0,0,0,0,0,0,0,0,0,0,0,0,0,0,0,21,0,0
3176,1,1,1,1,1,1,1,1,1,0,1,1,0,1,1,1,1,1,1,1,1,2,19,1
3180,1,1,1,1,1,1,1,0,1,1,1,1,1,1,1,1,1,1,1,1,1,1,20,1
3182,1,0,0,1,1,1,1,1,0,1,1,1,0,1,1,1,1,1,1,1,1,4,17,1
3187,0,1,1,0,0,0,1,0,0,0,0,0,0,0,0,0,0,0,0,0,0,18,3,0
3192,1,0,1,1,1,0,1,0,1,1,0,1,1,1,1,1,1,0,1,0,1,6,15,1
3193,1,1,1,1,0,1,1,1,1,1,1,1,1,1,1,1,1,1,1,1,1,1,20,1
3194,1,0,1,1,0,1,0,0,1,1,1,0,1,1,1,1,1,1,1,1,1,5,16,1
3196,1,1,1,1,1,1,1,1,1,1,1,1,1,1,1,1,1,1,1,1,0,1,20,1
3202,1,1,1,1,1,1,1,1,1,1,1,1,1,1,1,1,1,1,1,1,1,0,21,1
3204,0,0,1,0,0,0,1,0,1,0,0,0,0,0,0,0,0,0,0,0,0,18,3,0
3211,0,0,1,0,0,0,0,1,0,0,0,0,1,1,0,0,0,0,1,0,0,16,5,0
3215,1,1,1,1,1,1,1,1,1,1,1,1,1,1,1,1,1,1,1,1,1,0,21,1
3221,0,0,1,0,0,1,0,0,0,1,0,0,0,0,1,1,1,0,1,0,0,14,7,0
3222,1,1,0,1,1,1,1,1,0,1,1,0,1,1,1,1,1,1,1,1,1,3,18,1
3226,1,1,1,0,1,0,1,1,0,1,1,0,1,1,0,0,0,0,1,0,0,10,11,1
3230,0,1,1,1,0,0,1,0,1,0,0,0,0,0,0,0,0,1,0,0,1,14,7,0
3231,0,1,0,1,1,1,0,0,0,0,0,1,0,0,0,1,0,1,1,1,0,12,9,0
3234,0,1,1,1,0,0,0,0,0,0,0,0,0,0,0,0,0,0,0,0,0,18,3,0
3239,1,1,1,1,1,1,1,0,1,0,0,0,1,1,1,0,1,1,1,1,1,5,16,1
3250,0,1,1,0,0,0,1,1,0,0,0,0,0,0,0,0,0,0,0,1,1,15,6,0
3253,0,1,0,1,0,0,1,0,0,1,0,0,0,1,1,0,0,1,1,0,1,12,9,0
3265,1,0,0,1,1,1,0,1,0,1,1,0,1,1,1,1,1,1,1,1,1,5,16,1
3268,1,1,1,1,0,1,1,0,1,1,1,1,1,1,0,1,1,1,1,1,1,3,18,1
3270,1,1,1,1,1,1,1,1,1,1,1,1,1,1,1,1,1,1,1,1,1,0,21,1
3273,0,0,0,0,0,0,0,0,0,0,0,0,0,0,0,0,0,0,0,0,0,21,0,0
3276,0,0,1,0,0,0,0,0,0,0,0,0,0,0,0,0,0,0,0,0,0,20,1,0
3281,1,1,0,1,0,0,0,0,1,1,1,1,1,1,0,1,0,1,1,0,1,8,13,1
3287,1,0,0,1,1,1,1,1,1,1,0,0,0,0,1,0,1,1,0,1,0,9,12,1
3289,0,0,0,0,0,0,0,1,0,0,0,0,0,0,0,0,0,0,0,1,0,19,2,0
3290,0,0,0,0,0,0,1,0,0,1,1,0,1,1,0,0,0,0,1,1,0,14,7,0
3292,1,1,0,1,1,1,1,0,1,1,1,1,1,1,1,1,1,1,1,1,1,2,19,1
3296,1,1,1,1,1,1,1,0,1,1,1,1,1,0,0,0,0,1,0,1,0,7,14,1
3297,0,0,0,0,0,0,0,0,0,0,0,0,0,0,0,0,0,0,0,0,0,21,0,0
3298,0,1,0,1,0,0,0,0,0,0,0,0,0,0,1,0,0,1,1,0,1,15,6,0
3300,0,0,0,0,1,1,0,0,0,1,0,0,0,1,0,1,1,0,0,0,0,15,6,0
3306,1,0,1,1,1,0,1,0,0,1,1,0,1,1,0,1,1,0,1,0,1,8,13,1
3308,1,1,1,1,1,1,1,1,1,1,1,1,1,1,1,1,1,1,1,1,1,0,21,1
3310,0,0,0,0,0,0,0,1,1,1,1,0,0,0,1,0,1,0,1,0,0,14,7,0
3311,1,1,0,0,1,1,0,1,0,1,1,1,1,1,0,1,1,1,1,1,1,5,16,1
3312,0,0,0,0,0,0,0,0,0,0,0,0,0,0,0,0,0,0,0,0,0,21,0,0
3316,0,0,1,0,1,1,0,1,0,0,1,0,1,1,1,0,0,0,1,0,0,12,9,0
3318,0,0,0,0,0,0,0,0,0,0,0,0,0,0,0,0,0,0,0,0,0,21,0,0
3319,0,0,0,0,0,0,0,0,0,0,0,0,0,0,0,0,0,0,0,0,0,21,0,0
3320,1,1,0,1,1,1,1,1,1,1,1,1,1,1,1,1,1,1,1,1,1,1,20,1
3322,1,1,1,1,1,1,1,1,1,1,1,1,1,1,1,1,1,1,1,1,1,0,21,1
3324,1,1,1,1,1,1,1,1,1,0,1,0,1,1,1,1,1,1,1,1,1,2,19,1
3332,1,1,1,1,1,0,1,1,0,0,0,0,0,0,1,1,1,1,1,0,0,9,12,1
3337,0,0,1,0,0,0,0,0,0,0,0,0,0,0,0,0,0,0,0,0,0,20,1,0
3339,0,1,1,0,0,1,1,0,1,0,0,0,0,0,0,0,0,0,0,0,1,15,6,0
3343,1,0,0,1,0,0,0,1,0,0,1,0,1,0,1,1,1,1,1,1,1,9,12,1
3348,1,1,0,1,1,1,1,1,1,1,1,1,1,1,1,1,1,1,1,1,1,1,20,1
3352,0,0,0,0,0,0,1,0,0,1,1,0,0,0,0,0,0,0,0,0,0,18,3,0
3355,0,0,1,0,0,0,0,1,1,1,1,0,1,1,0,0,0,0,1,0,0,13,8,0
3357,1,1,0,1,0,1,0,1,1,1,1,1,1,1,1,1,1,1,1,1,1,3,18,1
3358,1,1,1,1,1,1,1,0,0,1,0,1,1,0,1,0,0,1,0,0,1,8,13,1
3359,1,1,1,1,1,1,1,1,1,1,1,1,1,1,1,1,1,0,1,1,1,1,20,1
3362,1,1,0,1,0,1,0,0,0,0,1,1,0,1,1,1,1,1,1,1,1,7,14,1
3363,0,1,1,0,0,0,1,0,1,1,0,1,0,0,0,0,0,1,0,0,1,13,8,0
3364,0,0,0,0,0,0,0,0,0,1,1,0,1,0,0,0,0,0,1,0,0,17,4,0
3367,1,1,0,1,0,1,1,1,1,0,1,1,1,1,1,1,1,1,1,1,1,3,18,1
3377,0,0,1,0,1,1,1,0,1,0,1,0,0,0,0,0,1,0,0,1,0,13,8,0
3386,0,1,0,1,1,1,1,0,0,1,0,0,0,0,0,0,0,0,1,0,0,14,7,0
3387,1,1,1,1,1,1,1,1,1,1,1,1,1,1,1,1,1,1,1,1,1,0,21,1
3392,1,1,1,1,1,1,1,1,1,1,1,1,1,1,1,1,1,1,1,1,1,0,21,1
3397,0,0,0,0,0,0,0,0,0,0,0,0,0,0,0,0,0,0,0,0,0,21,0,0
3400,1,0,1,1,1,1,1,1,1,1,1,0,1,1,1,1,0,1,1,0,0,5,16,1
3401,0,0,1,0,0,0,1,0,1,1,0,0,0,0,0,0,0,0,0,0,0,17,4,0
3406,0,0,0,0,1,0,0,1,0,0,1,0,0,0,0,0,1,0,1,0,0,16,5,0
3407,0,0,1,0,0,0,1,0,0,0,0,0,0,0,0,0,0,0,0,0,0,19,2,0
3410,1,1,1,1,1,0,1,1,1,1,1,1,1,1,1,1,1,1,1,1,1,1,20,1
3414,0,0,0,0,0,0,0,0,0,0,0,0,0,0,0,0,0,0,1,1,0,19,2,0
3421,0,0,0,0,0,0,0,0,0,0,0,0,0,0,0,0,0,0,0,1,0,20,1,0
3422,0,0,0,0,1,0,0,0,0,1,0,0,0,1,1,1,1,0,1,0,0,14,7,0
3425,1,0,1,0,0,1,1,0,1,1,1,1,1,1,0,1,1,0,1,1,0,7,14,1
3426,0,0,1,0,0,0,0,0,0,1,0,0,0,0,0,0,0,0,0,0,0,19,2,0
3427,0,1,1,1,1,0,0,0,0,0,1,0,1,1,1,1,0,0,0,0,1,11,10,0
3432,1,1,0,1,1,1,1,1,1,1,1,1,1,1,1,1,1,1,1,1,1,1,20,1
3435,0,1,1,1,0,0,0,0,0,0,0,1,0,0,0,1,0,1,0,0,1,14,7,0
3442,1,1,0,1,1,1,1,1,1,0,1,1,1,1,1,1,1,1,1,1,1,2,19,1
3443,1,1,0,1,1,1,1,0,1,1,1,1,1,1,1,1,1,1,1,1,1,2,19,1
3445,1,0,1,1,1,1,1,1,1,1,1,1,1,1,0,1,1,0,1,0,1,4,17,1
3448,1,1,1,1,1,1,1,0,1,1,1,1,1,1,1,1,1,1,1,1,1,1,20,1
3452,1,0,1,1,1,0,1,1,1,1,1,0,1,1,1,1,1,0,1,1,0,5,16,1
3453,0,1,0,0,1,1,0,0,1,0,1,0,1,0,0,0,0,0,0,0,0,15,6,0
3454,0,0,0,0,0,0,0,0,0,0,0,0,0,0,0,0,0,0,0,0,0,21,0,0
3455,0,0,1,0,0,1,1,0,1,1,0,0,0,0,0,0,0,0,0,0,0,16,5,0
3456,0,0,0,1,1,1,1,0,1,1,0,0,0,0,0,0,0,1,1,0,1,12,9,0
3458,1,1,1,1,1,1,1,1,1,1,1,1,1,1,1,1,1,1,1,1,1,0,21,1
3459,0,1,0,0,1,0,0,1,0,0,0,0,1,0,1,1,0,1,1,1,0,12,9,0
3461,0,0,1,0,0,0,0,0,0,0,0,0,0,0,0,0,0,0,0,0,0,20,1,0
3467,1,1,0,1,1,1,0,1,1,1,1,1,1,1,1,1,1,1,1,1,0,3,18,1
3469,1,1,1,1,0,1,1,1,1,1,1,1,1,1,0,0,0,1,1,1,0,5,16,1
3470,1,1,1,1,1,1,1,1,1,1,0,0,0,0,1,1,1,1,1,1,1,4,17,1
3473,0,0,0,0,0,0,0,1,0,0,0,0,0,0,0,0,0,0,0,0,0,20,1,0
3479,1,1,0,1,1,0,0,1,1,1,1,1,1,1,1,1,1,1,1,1,1,3,18,1
3480,1,1,1,1,1,1,1,1,0,1,1,1,1,1,1,1,1,1,1,1,1,1,20,1
3481,0,0,0,1,0,0,1,0,0,1,0,0,0,1,0,0,0,0,1,0,0,16,5,0
3483,1,1,1,1,1,1,1,1,1,1,1,1,1,1,1,1,1,1,1,1,0,1,20,1
3484,1,1,1,1,1,1,1,1,1,1,1,1,1,1,1,1,1,1,1,1,1,0,21,1
3486,0,0,1,0,0,0,1,0,0,0,0,0,0,1,0,0,0,0,1,0,1,16,5,0
3487,0,0,1,0,0,0,0,0,0,0,0,0,0,0,0,0,0,0,0,0,0,20,1,0
3488,0,0,0,0,0,0,0,0,1,0,0,0,0,0,0,0,0,0,0,0,0,20,1,0
3489,1,1,0,1,1,1,1,1,1,1,1,1,1,1,1,1,1,1,1,1,1,1,20,1
3494,1,1,1,1,1,1,1,1,1,1,1,1,1,1,1,1,1,1,1,1,1,0,21,1
3495,0,0,0,0,0,0,0,0,0,0,0,0,0,0,0,0,0,0,0,0,0,21,0,0
3502,0,0,1,0,1,0,0,0,1,1,1,0,1,0,1,0,1,0,1,0,0,12,9,0
3506,1,1,0,1,1,1,1,1,1,1,1,1,1,1,1,1,1,1,1,1,1,1,20,1
3509,1,1,1,1,1,1,1,1,1,0,1,1,1,1,1,1,1,1,1,1,1,1,20,1
3510,1,1,1,1,0,1,1,1,1,0,0,1,0,0,0,1,1,0,1,1,1,7,14,1
3511,0,0,0,0,1,0,0,1,0,1,0,0,1,0,0,0,0,0,0,0,0,17,4,0
3518,1,1,1,1,0,1,1,1,0,1,0,0,0,0,1,1,0,0,1,0,1,9,12,1
3519,1,1,1,1,1,1,1,0,0,1,1,1,1,1,1,1,1,0,1,0,1,4,17,1
3523,1,1,1,1,1,1,1,0,1,1,1,1,1,1,1,1,1,0,1,1,1,2,19,1
3524,1,1,1,1,0,1,1,1,1,1,1,1,1,1,1,1,1,1,1,1,1,1,20,1
3528,1,1,0,1,1,1,1,0,1,1,1,1,1,1,1,1,1,1,1,1,1,2,19,1
3529,0,1,0,1,0,0,0,0,0,0,1,0,1,1,0,0,1,0,1,0,1,13,8,0
3530,0,1,1,1,0,1,0,0,0,0,0,0,0,0,0,1,0,1,1,1,1,12,9,0
3532,0,0,0,0,1,0,1,1,0,0,0,0,0,0,1,1,1,1,1,1,0,12,9,0
3533,0,0,1,0,0,0,1,0,1,1,0,0,0,0,0,0,0,0,0,1,0,16,5,0
3534,1,1,1,1,1,1,1,1,1,1,1,1,1,1,1,1,1,1,1,1,1,0,21,1
3535,0,0,1,1,0,0,0,0,0,1,0,0,0,1,0,0,0,0,0,0,0,17,4,0
3538,1,1,0,1,1,1,1,1,1,1,1,1,1,1,1,1,1,1,1,1,1,1,20,1
3540,0,0,0,1,0,0,0,0,0,0,0,0,0,0,0,0,1,1,1,0,0,17,4,0
3544,0,0,0,0,0,0,1,1,0,0,0,0,0,0,0,0,0,0,0,1,0,18,3,0
3546,1,1,1,1,0,1,1,1,1,1,0,1,0,0,0,0,0,1,0,0,1,9,12,1
3547,0,0,1,0,0,0,0,0,0,0,0,0,0,0,0,0,0,0,0,1,0,19,2,0
3552,0,0,0,1,0,0,1,1,1,1,0,0,0,0,0,0,0,1,0,0,0,15,6,0
3556,1,1,1,1,1,1,1,1,1,1,1,1,1,1,1,1,1,1,1,1,1,0,21,1
3558,1,1,1,1,1,0,1,0,1,0,1,1,0,0,1,1,1,1,1,1,1,5,16,1
3560,1,1,0,1,1,1,1,1,1,1,1,1,1,1,1,1,1,1,1,1,1,1,20,1
3587,0,0,1,0,0,0,0,0,1,1,0,0,0,0,0,0,0,0,0,0,0,18,3,0
3590,0,0,0,1,0,0,0,0,0,0,0,0,1,1,0,0,0,0,0,0,1,17,4,0
3591,0,0,0,0,0,0,1,0,0,0,1,0,0,0,0,0,0,0,0,0,1,18,3,0
3592,0,1,0,1,1,0,0,0,0,0,0,0,1,1,1,0,0,1,1,0,1,12,9,0
3595,0,0,1,0,0,0,0,0,0,0,0,0,0,0,0,0,0,0,0,0,0,20,1,0
3597,1,1,1,1,1,1,1,1,1,1,1,1,1,1,1,1,1,1,1,1,1,0,21,1
3601,1,1,1,1,1,1,1,1,0,0,1,0,1,1,1,1,1,1,1,1,1,3,18,1
3603,1,1,1,1,1,1,1,1,1,1,1,1,1,1,1,1,1,1,1,1,1,0,21,1
3606,1,1,1,1,1,1,1,1,1,1,1,1,1,1,1,1,1,1,1,1,1,0,21,1
3607,0,0,0,0,0,0,0,0,0,0,0,0,0,0,0,0,0,0,0,0,0,21,0,0
3611,0,0,1,0,0,1,1,0,1,0,1,0,0,0,1,1,0,0,1,1,0,12,9,0
3614,0,1,0,0,0,1,1,1,1,0,0,1,0,0,0,0,0,1,0,0,1,13,8,0
3615,0,0,0,1,1,0,1,0,0,1,0,0,0,0,0,0,0,0,0,0,0,17,4,0
3622,0,0,1,0,1,0,0,0,0,0,0,0,0,0,0,0,0,0,0,0,0,19,2,0
3626,1,0,0,1,0,0,1,1,1,1,1,1,1,0,1,1,1,1,0,1,1,6,15,1
3627,1,1,1,0,1,1,1,1,1,1,1,1,1,1,1,1,1,1,1,1,1,1,20,1
3628,0,0,1,0,0,0,0,0,0,0,0,0,0,0,0,0,0,0,0,0,0,20,1,0
3631,1,1,1,1,1,1,1,1,1,1,1,1,1,1,1,1,1,1,1,1,1,0,21,1
3632,1,1,1,1,1,1,1,0,1,1,1,1,1,1,1,1,1,1,1,1,1,1,20,1
3636,0,0,1,0,0,0,0,0,0,0,0,0,0,0,0,0,0,0,0,0,0,20,1,0
3643,1,0,0,0,1,0,0,1,1,1,1,1,1,1,0,0,1,0,0,1,0,10,11,1
3645,0,0,0,0,0,0,0,0,0,0,0,0,0,0,0,0,0,0,1,1,0,19,2,0
3646,0,0,0,0,0,0,0,0,0,0,0,0,0,0,0,0,0,0,0,0,0,21,0,0
3647,1,1,1,1,1,1,1,1,1,1,1,1,1,1,1,1,1,1,1,1,1,0,21,1
3649,1,1,1,1,0,1,1,0,1,1,1,1,1,1,1,1,1,1,1,1,1,2,19,1
3652,1,0,1,1,1,1,1,1,1,1,1,1,1,1,0,0,1,0,1,1,1,4,17,1
3655,0,0,0,0,0,0,0,0,0,0,0,0,0,0,0,0,0,0,0,0,0,21,0,0
3658,1,1,1,0,1,1,1,0,1,0,1,1,1,0,1,0,0,1,0,0,1,8,13,1
3660,1,1,1,1,1,1,1,1,0,1,1,1,0,0,1,1,1,1,1,0,1,4,17,1
3667,1,1,1,0,1,0,1,1,0,0,1,0,1,1,1,1,1,1,1,1,1,5,16,1
3668,1,1,1,1,1,0,1,0,1,1,0,0,1,0,1,0,1,1,0,0,1,8,13,1
3671,1,1,1,1,1,1,0,0,0,0,1,1,1,1,1,1,1,1,0,1,1,5,16,1
3672,1,1,0,1,1,1,1,1,1,1,1,1,1,1,1,1,1,1,1,1,1,1,20,1
3673,0,0,0,1,0,0,0,0,1,0,1,1,0,1,0,1,1,0,0,1,1,12,9,0
3674,1,1,1,1,1,0,1,0,1,0,1,1,0,1,1,1,1,1,1,1,1,4,17,1
3676,1,1,1,1,1,0,1,1,0,1,1,1,1,1,1,1,1,1,1,1,1,2,19,1
3681,0,0,1,0,0,0,0,0,0,0,1,0,1,1,0,0,1,0,1,0,0,15,6,0
3682,1,1,0,1,1,1,1,0,1,1,1,1,1,1,1,1,1,1,1,1,1,2,19,1
3684,1,1,1,1,1,1,1,1,1,1,1,1,1,1,1,1,1,1,1,1,1,0,21,1
3685,1,1,1,1,1,1,1,0,1,1,1,1,1,1,1,1,1,1,1,1,1,1,20,1
3687,1,1,1,1,1,1,0,1,1,1,1,1,1,1,1,1,1,1,1,1,1,1,20,1
3688,0,0,0,0,0,0,0,0,0,0,1,0,0,0,0,1,0,0,1,0,1,17,4,0
3689,1,1,1,1,1,1,1,1,1,1,1,1,1,1,1,1,1,1,1,1,1,0,21,1
3690,1,1,1,1,1,1,1,1,1,1,1,1,1,1,1,1,1,1,1,1,1,0,21,1
3691,0,0,0,0,0,0,0,0,0,0,0,0,0,0,0,0,0,0,0,0,0,21,0,0
3692,1,0,0,1,1,0,1,0,1,0,0,0,1,0,1,1,1,1,0,1,1,9,12,1
3693,1,1,1,1,1,1,1,1,1,1,1,1,1,1,1,1,1,1,1,1,1,0,21,1
3695,1,1,0,1,1,1,1,0,0,1,0,1,0,1,1,1,1,1,1,0,0,7,14,1
3700,0,0,0,0,1,0,0,0,1,1,0,1,1,1,0,0,0,0,1,1,0,13,8,0
3703,1,1,1,1,1,1,1,1,1,1,1,1,1,1,1,1,1,1,1,1,1,0,21,1
3704,0,0,0,1,1,0,0,1,0,1,0,0,1,1,0,1,0,0,1,1,0,12,9,0
3705,0,0,0,0,1,0,0,0,0,0,0,0,0,0,0,0,0,0,0,0,0,20,1,0
3707,0,1,1,1,1,1,1,0,1,1,0,0,0,0,0,0,0,1,0,0,1,11,10,0
3710,0,0,0,0,1,0,0,0,0,0,0,0,0,0,0,0,0,0,0,0,0,20,1,0
3719,1,1,1,1,1,1,1,1,0,1,1,1,1,1,1,1,1,1,1,1,1,1,20,1
3722,0,0,0,0,1,0,0,0,0,0,0,0,0,1,0,0,0,0,0,0,0,19,2,0
3724,0,0,1,0,0,0,0,0,0,0,0,0,0,0,0,0,0,0,0,0,0,20,1,0
3725,0,0,0,0,0,0,1,0,0,0,0,0,0,0,0,0,0,0,0,0,0,20,1,0
3728,0,0,1,0,0,1,1,0,0,0,0,0,0,0,0,1,1,0,1,1,0,14,7,0
3731,1,1,1,1,1,1,1,0,1,1,1,1,1,1,1,1,1,1,1,1,1,1,20,1
3732,1,1,1,1,1,1,1,1,1,1,1,1,1,1,1,1,1,1,1,1,1,0,21,1
3733,0,0,0,0,0,0,0,0,0,0,0,0,0,0,0,0,0,0,0,0,0,21,0,0
3734,0,1,1,1,0,1,1,1,0,0,0,0,0,0,0,0,0,1,0,0,1,13,8,0
3736,1,1,0,1,1,0,0,0,0,1,1,1,1,1,0,1,1,1,1,1,1,6,15,1
3746,1,1,1,1,1,0,1,0,1,1,1,1,0,1,1,0,1,0,1,1,1,5,16,1
3758,1,1,0,1,1,1,1,1,1,1,1,1,1,1,1,1,0,1,1,1,1,2,19,1
3759,1,1,0,1,1,1,1,0,1,1,1,1,1,1,1,1,1,1,1,1,1,2,19,1
3762,1,1,1,1,1,1,1,1,1,1,1,1,1,1,1,1,1,1,1,1,1,0,21,1
3764,1,1,1,1,1,1,1,1,1,1,1,1,1,1,1,1,1,1,1,1,1,0,21,1
3765,0,0,0,0,0,0,0,0,1,0,0,0,0,0,0,0,0,0,0,0,0,20,1,0
3766,1,1,1,1,1,1,1,1,1,1,1,1,1,1,1,1,1,1,1,1,1,0,21,1
3771,1,1,1,0,1,1,0,1,0,1,1,0,1,1,1,1,1,0,1,1,0,6,15,1
3775,1,1,1,0,1,0,1,0,1,1,1,0,1,1,1,1,1,1,1,1,1,4,17,1
3777,1,0,1,1,1,1,0,0,1,1,1,1,1,1,1,0,0,0,1,1,0,7,14,1
3778,1,1,1,0,1,0,0,1,1,1,1,1,1,1,1,1,1,1,1,1,1,3,18,1
3784,1,1,1,1,1,1,1,0,0,1,1,1,1,1,1,1,1,1,1,1,1,2,19,1
3790,1,0,1,1,1,0,1,1,1,1,1,1,1,1,0,1,1,1,1,1,1,3,18,1
3791,1,1,1,1,1,1,0,1,1,1,1,0,1,1,0,1,1,0,1,1,1,4,17,1
3795,1,1,1,1,1,1,1,1,1,1,1,1,1,1,1,1,1,1,1,1,1,0,21,1
3798,1,1,1,0,0,1,1,1,1,1,1,1,1,1,1,1,1,1,1,1,1,2,19,1
3799,0,1,1,1,0,0,1,1,0,0,0,0,0,0,0,0,0,0,0,0,0,16,5,0
3800,1,1,1,1,1,1,1,1,1,1,1,0,1,1,1,1,1,1,1,1,1,1,20,1
3802,1,1,1,1,1,1,1,0,0,0,1,0,1,1,1,0,0,1,1,1,1,6,15,1
3805,1,0,1,1,1,1,1,0,1,1,1,1,1,1,1,1,1,0,1,1,1,3,18,1
3808,0,0,1,0,0,0,1,0,0,0,0,0,0,0,0,0,0,0,0,0,0,19,2,0
3815,1,1,1,0,1,0,1,1,0,1,1,0,1,1,1,1,1,1,1,1,1,4,17,1
3816,1,1,1,1,1,1,1,1,1,1,1,1,1,1,1,1,1,1,1,1,1,0,21,1
3820,0,0,0,0,0,0,1,0,0,1,0,0,0,0,0,0,0,1,0,0,0,18,3,0
3824,1,1,0,1,1,1,1,1,1,1,1,1,1,1,1,1,1,1,1,1,1,1,20,1
3830,1,1,0,1,1,1,0,0,0,0,1,0,0,1,0,0,1,0,1,1,1,10,11,1
3832,0,1,1,0,0,0,0,0,1,1,0,0,0,0,0,0,0,0,0,0,0,17,4,0
3840,1,1,1,1,1,1,1,1,1,1,1,1,1,1,1,1,1,1,1,1,1,0,21,1
3841,0,0,0,0,1,1,1,0,1,0,0,0,0,0,0,0,0,0,1,0,0,16,5,0
3847,1,1,1,1,1,1,1,1,1,1,1,1,1,1,1,1,1,1,1,1,1,0,21,1
3854,1,1,1,1,1,1,1,1,0,1,1,1,1,1,0,1,1,1,1,1,1,2,19,1
3861,0,1,1,1,1,0,1,0,0,1,1,0,1,0,0,0,0,1,0,0,1,11,10,0
3864,1,0,1,0,0,1,1,1,1,1,1,0,1,0,0,0,0,0,1,1,0,10,11,1
3865,1,0,1,0,1,1,1,0,1,1,1,0,1,1,0,0,1,0,1,1,0,8,13,1
3870,0,0,0,0,0,0,0,0,0,0,0,0,0,0,0,0,0,0,0,0,0,21,0,0
3873,1,1,1,1,1,1,1,0,1,1,1,1,1,1,1,1,1,1,1,1,1,1,20,1
3875,1,1,1,1,0,0,0,1,0,0,1,1,1,0,0,1,0,1,1,1,1,8,13,1
3877,0,0,1,0,0,0,0,0,0,0,0,0,0,0,0,0,0,0,0,0,0,20,1,0
3879,0,0,0,1,0,0,0,0,0,0,0,0,0,0,0,0,0,0,0,0,0,20,1,0
3888,0,1,0,1,0,1,0,0,0,1,0,0,1,0,0,0,1,0,1,0,1,13,8,0
3902,0,0,1,0,0,0,1,0,1,0,0,0,0,0,0,0,1,0,0,0,0,17,4,0
3906,0,0,0,1,0,1,0,1,1,0,0,0,0,0,1,0,0,0,1,1,0,14,7,0
3913,1,1,0,1,1,1,1,1,1,1,1,1,1,1,1,1,1,1,1,1,1,1,20,1
3915,1,0,1,1,0,1,1,1,1,1,1,0,1,1,0,1,1,1,0,1,1,5,16,1
3917,0,0,0,1,1,0,0,0,0,0,0,0,0,0,0,0,0,0,0,0,0,19,2,0
3918,0,1,1,0,0,0,1,1,0,0,0,0,0,0,1,1,1,1,1,0,1,11,10,0
3919,0,0,0,0,0,0,0,0,0,0,0,0,0,0,0,0,0,0,0,0,0,21,0,0
3927,0,0,0,0,0,0,0,0,0,0,0,0,0,0,0,0,0,0,0,0,0,21,0,0
3931,1,1,1,1,0,1,0,1,1,1,1,0,0,1,0,0,1,1,0,0,1,8,13,1
3932,1,1,1,1,1,0,1,0,0,1,0,1,1,1,1,1,1,1,1,0,1,5,16,1
3935,1,1,1,1,1,0,1,0,0,1,1,1,1,1,1,0,1,1,1,1,1,4,17,1
3938,0,1,0,0,0,0,0,0,0,0,0,0,0,0,0,0,0,0,0,0,0,20,1,0
3939,1,0,0,0,0,0,1,1,1,0,1,0,1,1,0,1,1,1,0,1,0,10,11,1
3948,0,0,1,0,0,0,0,1,0,0,1,0,0,0,0,0,1,0,1,0,0,16,5,0
3950,1,0,1,1,1,1,1,0,0,1,1,0,1,1,0,0,0,0,1,1,1,8,13,1
3953,1,1,1,1,1,1,0,0,0,0,1,1,1,1,1,0,1,0,1,1,1,6,15,1
3957,0,0,0,0,1,0,1,0,0,0,0,0,0,0,0,0,0,1,0,0,0,18,3,0
3958,0,1,1,0,0,0,1,0,0,0,0,0,0,0,0,0,0,0,0,1,0,17,4,0
3960,1,1,1,1,1,1,1,0,1,1,1,1,1,1,1,1,1,1,1,1,1,1,20,1
3966,1,1,1,1,1,1,1,1,1,1,1,1,1,1,1,1,1,1,1,1,1,0,21,1
3971,1,1,0,0,1,1,1,0,1,1,1,1,1,1,1,1,1,1,1,1,1,3,18,1
3975,1,1,1,0,1,1,1,1,1,1,1,1,1,1,1,1,1,1,1,1,1,1,20,1
3977,1,1,1,1,1,1,1,1,1,1,1,0,1,1,1,1,0,1,1,1,1,2,19,1
3978,1,1,1,1,1,1,1,1,1,1,1,1,1,1,1,1,1,1,1,1,1,0,21,1
3979,0,0,0,0,0,0,0,1,0,1,1,0,1,1,0,0,0,0,1,0,0,15,6,0
3983,1,1,1,1,1,1,1,1,1,1,1,1,1,1,1,1,1,1,1,1,1,0,21,1
3984,0,1,1,0,0,1,1,1,1,0,0,0,0,0,0,0,1,1,1,1,0,11,10,0
3989,1,1,0,1,1,1,1,1,1,1,1,1,1,1,1,1,1,1,1,1,1,1,20,1
3993,1,1,1,1,0,0,1,1,1,1,0,1,0,0,1,0,0,1,1,0,1,8,13,1
3997,1,1,1,1,1,0,1,1,1,1,1,1,1,1,0,1,1,1,1,1,1,2,19,1
4005,1,1,1,0,1,1,1,1,1,1,1,1,1,1,0,0,0,1,1,1,0,5,16,1
4011,1,0,1,1,1,0,1,1,1,1,1,1,1,1,1,1,1,0,1,1,1,3,18,1
4026,0,0,0,0,0,0,0,0,1,0,0,0,0,0,0,0,0,0,0,0,0,20,1,0
4028,0,0,0,0,0,0,1,0,1,1,0,1,0,0,0,0,0,0,0,0,1,16,5,0
4029,0,0,0,0,0,0,0,1,0,0,0,0,1,1,0,0,0,0,0,1,0,17,4,0
4030,1,1,1,1,0,1,1,1,1,1,1,0,0,0,0,0,0,1,0,0,1,9,12,1
4031,0,0,1,1,0,1,0,0,0,0,0,0,0,1,1,0,0,0,1,0,1,14,7,0
4032,0,0,1,0,0,0,0,0,0,1,0,0,0,0,0,0,0,0,1,0,0,18,3,0
4034,0,0,1,1,1,0,0,1,0,0,0,0,0,0,0,0,0,0,0,0,0,17,4,0
4039,0,0,0,0,0,0,0,0,0,1,0,0,1,0,0,0,0,0,0,0,0,19,2,0
4046,1,1,1,1,1,0,1,0,1,1,1,0,1,1,0,0,0,1,0,0,1,8,13,1
4048,1,1,1,0,0,1,1,0,1,1,1,1,1,0,1,1,1,1,1,1,1,4,17,1
4049,0,0,0,0,0,0,0,0,0,0,0,0,0,0,0,0,0,0,0,0,0,21,0,0
4050,1,1,1,1,1,0,1,1,0,1,1,0,1,1,1,1,1,1,1,1,1,3,18,1
4056,1,1,1,1,1,1,1,1,1,1,1,1,1,1,1,1,1,1,1,1,1,0,21,1
4059,1,0,1,1,0,1,1,0,1,1,1,1,1,1,1,1,1,1,1,1,1,3,18,1
4062,1,1,1,1,1,1,1,1,1,1,1,1,1,1,1,1,1,1,1,1,1,0,21,1
4064,0,0,1,1,1,0,1,0,1,0,0,1,0,1,0,0,1,0,0,0,1,12,9,0
4069,1,1,0,1,1,1,0,1,1,1,1,1,1,1,1,1,1,1,1,1,1,2,19,1
4071,0,0,0,0,0,0,1,0,0,1,0,0,0,0,0,0,0,0,0,0,0,19,2,0
4072,1,0,0,1,1,1,0,1,1,1,1,1,1,1,1,1,1,1,1,1,1,3,18,1
4073,1,0,0,1,0,0,1,0,0,1,1,0,1,1,0,0,0,1,1,1,1,10,11,1
4078,1,1,1,1,1,1,1,1,1,1,1,1,1,1,1,1,1,1,1,1,1,0,21,1
4079,1,1,1,1,1,1,1,1,1,1,1,1,1,1,1,1,1,1,1,1,1,0,21,1
4086,1,1,1,1,1,1,1,0,1,1,1,1,1,1,1,1,1,1,1,1,1,1,20,1
4091,0,0,0,0,0,1,0,0,0,0,1,0,0,0,1,1,0,0,0,1,0,16,5,0
4092,1,0,0,0,1,1,0,1,1,1,1,1,1,1,0,1,1,0,1,1,0,7,14,1
4095,1,1,1,1,1,1,1,1,1,1,1,1,1,1,1,1,1,1,1,1,1,0,21,1
4096,0,0,0,1,0,0,0,0,0,1,1,0,1,1,1,0,1,0,1,1,1,11,10,0
4097,1,1,1,0,1,1,1,1,1,1,1,1,1,1,1,1,1,1,1,1,1,1,20,1
4099,1,1,1,1,1,1,0,1,1,1,1,1,1,1,1,1,1,1,1,1,0,2,19,1
4100,0,0,0,0,0,1,0,0,1,0,1,0,0,0,1,1,1,0,1,1,0,13,8,0
4101,1,1,1,1,1,1,1,0,1,0,1,1,1,0,1,1,1,1,1,1,1,3,18,1
4102,1,1,1,1,1,1,1,1,1,1,1,1,1,1,1,1,0,1,1,1,1,1,20,1
4106,1,1,0,1,1,1,1,0,1,1,1,1,1,1,1,1,1,1,1,1,1,2,19,1
4117,1,1,1,1,1,1,1,1,1,1,1,1,1,1,1,1,1,1,1,1,1,0,21,1
4121,0,1,1,0,0,0,1,0,1,1,0,1,0,0,1,0,0,1,1,0,1,11,10,0
4122,0,0,1,0,0,0,1,0,0,0,0,0,0,0,0,0,0,0,0,0,0,19,2,0
4138,1,0,1,0,0,1,0,1,1,1,1,0,1,1,1,0,1,0,0,0,0,10,11,1
4139,1,1,1,1,0,1,1,1,1,1,1,1,1,1,1,1,1,1,1,1,1,1,20,1
4141,0,0,0,0,1,0,0,0,0,1,0,0,0,0,1,0,0,0,0,0,0,18,3,0
4142,0,1,1,0,0,0,1,1,0,1,0,0,0,0,0,0,0,1,0,1,1,13,8,0
4144,0,0,0,0,0,0,0,0,0,1,0,0,0,0,0,0,0,0,0,0,0,20,1,0
4146,1,1,1,1,1,1,1,0,1,1,1,1,1,1,1,0,1,1,1,1,1,2,19,1
4151,0,0,1,0,0,0,0,0,0,0,0,0,0,0,0,0,0,0,0,0,0,20,1,0
4155,0,0,0,0,0,0,0,0,0,0,0,0,0,0,0,0,0,0,0,0,0,21,0,0
4156,1,1,1,1,1,1,1,1,1,1,1,1,1,1,1,1,1,1,1,1,1,0,21,1
4158,1,1,0,1,0,0,0,0,0,1,1,1,1,1,0,1,0,1,1,0,1,9,12,1
4159,1,1,1,1,1,1,1,0,1,1,1,1,1,1,1,1,1,1,1,1,1,1,20,1
4165,0,0,1,1,1,0,1,0,0,0,0,0,0,0,0,0,1,0,0,0,1,15,6,0
4180,0,1,1,1,0,0,0,0,1,0,0,0,1,0,0,0,0,0,0,0,1,15,6,0
4184,0,1,0,1,0,0,0,0,0,0,0,0,0,0,0,0,0,0,0,0,1,18,3,0
4192,1,1,1,1,1,1,1,1,1,1,1,1,1,1,1,1,1,1,1,1,1,0,21,1
4193,1,1,1,1,1,1,1,0,1,1,1,1,1,1,1,1,1,1,1,1,1,1,20,1
4198,1,1,1,1,1,1,1,1,1,1,1,1,1,1,1,1,1,1,1,1,1,0,21,1
4200,1,0,0,1,1,1,0,0,1,1,1,1,1,1,0,0,0,0,1,1,0,9,12,1
4205,0,0,0,1,1,0,1,1,1,0,1,0,1,1,0,0,0,0,0,0,0,13,8,0
4207,0,0,1,0,0,0,0,0,0,0,0,0,0,0,0,0,0,1,0,0,0,19,2,0
4210,1,1,1,1,1,0,1,0,0,0,1,1,0,0,1,1,1,1,1,1,1,6,15,1
4212,1,1,1,1,1,1,1,1,1,1,1,1,0,1,1,1,1,1,1,1,1,1,20,1
4213,1,1,1,1,1,1,1,1,1,1,1,1,1,1,1,1,1,1,1,1,1,0,21,1
4216,1,1,1,1,1,1,1,1,0,1,1,1,1,1,1,1,1,1,1,1,1,1,20,1
4223,1,1,0,1,0,0,0,0,0,0,1,1,1,1,1,1,1,1,1,1,0,8,13,1
4224,1,1,1,1,1,1,1,1,1,1,1,1,1,1,1,1,1,1,1,1,1,0,21,1
4225,1,1,1,1,1,1,1,0,1,1,1,1,1,1,1,1,1,1,1,1,1,1,20,1
4227,0,0,0,0,0,0,0,0,0,0,0,0,0,0,0,0,0,0,0,0,0,21,0,0
4230,0,0,1,0,0,0,1,0,0,1,0,0,0,0,0,0,0,0,0,1,0,17,4,0
4233,0,0,0,0,1,0,0,0,0,0,0,0,1,0,0,0,0,0,0,0,0,19,2,0
4240,0,0,0,0,0,0,1,0,0,0,0,0,0,0,0,1,1,0,0,0,0,18,3,0
4244,1,1,1,1,1,1,1,1,0,1,1,1,1,1,1,0,1,1,1,1,1,2,19,1
4245,1,1,1,1,1,1,1,1,0,0,1,1,1,1,1,1,1,1,1,1,1,2,19,1
4247,1,1,0,1,1,0,1,0,0,1,1,1,1,1,1,1,0,1,1,1,1,5,16,1
4248,1,1,1,1,1,1,1,1,1,1,1,1,1,1,1,1,1,1,1,1,1,0,21,1
4249,1,0,1,1,1,1,1,1,0,0,1,0,0,1,1,0,0,1,0,1,1,8,13,1
4255,1,1,1,1,1,1,1,1,1,1,1,1,1,1,1,1,1,1,1,1,1,0,21,1
4259,0,0,1,0,0,0,1,0,1,0,0,0,0,0,0,0,0,0,0,0,0,18,3,0
4262,0,0,0,1,0,1,0,1,1,1,0,0,1,0,0,1,0,0,0,0,0,14,7,0
4264,1,1,1,1,1,1,1,1,1,1,1,1,1,1,1,1,1,1,1,1,1,0,21,1
4269,1,1,1,1,1,1,1,0,1,1,1,1,1,1,1,1,1,1,1,1,1,1,20,1
4270,1,1,1,1,0,1,1,1,1,1,1,1,1,1,1,1,1,1,1,1,1,1,20,1
4274,1,1,1,1,1,1,1,1,0,1,1,1,1,1,1,1,1,1,1,1,1,1,20,1
4284,0,0,1,0,0,0,0,0,0,0,0,0,0,0,1,1,1,0,0,1,0,16,5,0
4285,0,0,1,0,1,0,1,0,0,0,1,0,0,0,0,0,0,0,1,0,0,16,5,0
4286,1,1,0,1,0,1,1,1,0,1,1,1,0,0,0,0,0,1,1,1,1,8,13,1
4289,1,0,1,1,1,0,1,0,0,1,0,1,1,1,0,1,1,0,1,0,1,8,13,1
4290,1,1,1,0,1,0,1,1,1,0,1,0,1,1,1,1,1,1,1,1,1,4,17,1
4292,1,1,1,1,1,0,0,1,0,0,1,0,1,1,1,1,1,0,1,1,1,6,15,1
4293,1,1,1,0,1,1,1,0,0,0,1,1,0,1,0,0,1,0,1,1,0,9,12,1
4303,0,1,1,1,0,0,0,1,0,0,0,0,0,0,0,0,0,0,0,0,1,16,5,0
4307,1,1,1,1,1,1,1,1,0,1,1,1,1,1,1,1,1,1,1,1,1,1,20,1
4308,1,0,1,1,0,0,0,0,0,0,1,0,1,1,0,1,1,1,1,1,1,9,12,1
4309,1,1,1,0,1,1,0,0,0,1,1,1,1,1,1,1,1,1,1,1,0,5,16,1
4320,0,0,1,0,0,0,1,0,0,0,0,0,0,0,0,0,0,0,0,0,0,19,2,0
4322,1,0,1,1,0,0,1,0,0,0,1,1,1,1,1,1,1,1,1,1,1,6,15,1
4327,1,1,1,1,1,1,1,0,1,1,1,1,1,1,1,1,1,1,1,1,1,1,20,1
4330,0,0,1,0,1,0,0,0,0,1,1,0,1,1,0,0,0,0,1,1,0,13,8,0
4332,1,0,1,1,1,1,1,1,0,1,1,1,1,1,1,1,1,0,1,1,1,3,18,1
4333,0,0,0,0,0,0,0,0,0,0,0,0,0,0,0,0,0,0,0,0,0,21,0,0
4337,0,0,1,0,0,0,0,0,0,1,1,0,1,0,0,0,0,0,1,0,0,16,5,0
4340,1,1,1,1,1,1,1,1,1,1,1,1,1,1,1,1,1,1,1,1,1,0,21,1
4341,1,1,1,1,1,1,1,1,0,1,1,0,1,1,0,0,1,1,1,1,1,4,17,1
4342,0,0,1,0,0,0,1,0,0,1,0,0,1,0,0,0,0,0,0,0,0,17,4,0
4347,1,1,0,1,1,1,1,0,1,1,1,1,1,1,1,1,1,1,1,1,1,2,19,1
4350,0,0,0,0,0,1,0,0,0,1,0,1,0,0,0,0,1,1,1,0,1,14,7,0
4355,0,0,1,0,1,0,1,0,0,1,0,0,0,0,0,0,0,0,0,0,1,16,5,0
4363,1,0,1,1,0,1,1,1,0,1,1,1,0,0,0,1,1,0,1,0,1,8,13,1
4364,1,1,1,1,1,1,1,1,1,1,1,1,1,1,1,1,1,1,1,1,1,0,21,1
4368,1,1,1,1,1,1,1,1,1,1,1,1,1,1,0,1,1,1,1,1,1,1,20,1
4370,1,0,0,1,1,1,0,1,0,1,1,1,1,1,1,1,1,0,1,0,0,7,14,1
4371,1,1,1,1,1,1,1,1,1,1,1,1,1,1,1,1,1,1,1,1,1,0,21,1
4381,1,1,1,1,1,0,1,0,0,1,1,0,1,1,1,0,0,0,1,1,0,8,13,1
4382,0,0,1,0,0,0,1,0,0,0,0,0,0,0,0,0,0,0,0,1,0,18,3,0
4383,0,0,0,0,0,0,0,0,0,0,0,0,0,0,0,0,0,0,0,0,0,21,0,0
4386,1,1,1,1,1,1,1,1,1,1,1,1,1,0,1,0,1,1,1,0,1,3,18,1
4391,0,0,0,1,0,0,0,0,0,0,0,0,0,0,1,0,0,0,0,0,0,19,2,0
4392,0,0,0,0,0,0,0,0,0,1,0,0,0,0,0,0,0,0,0,0,0,20,1,0
4393,0,0,0,0,0,0,1,0,0,0,0,0,0,0,0,0,0,0,0,0,0,20,1,0
4394,1,1,0,1,1,1,1,1,1,1,1,1,1,1,1,1,1,1,1,1,1,1,20,1
4399,1,1,1,1,1,1,1,0,1,1,1,1,1,1,1,1,1,1,1,1,1,1,20,1
4401,0,1,1,0,0,0,1,1,0,0,0,0,0,0,0,0,0,0,0,0,0,17,4,0
4403,0,0,0,0,0,0,0,0,0,0,0,0,0,0,0,0,0,0,0,0,0,21,0,0
4404,0,0,0,0,0,0,1,0,0,0,0,0,0,0,0,0,0,0,0,0,0,20,1,0
4406,0,0,0,1,0,0,0,0,0,0,0,0,0,0,0,0,0,0,0,0,0,20,1,0
4408,1,1,1,1,1,0,1,0,0,1,1,0,1,1,1,0,0,1,1,1,1,6,15,1
4411,1,1,1,1,1,1,1,1,1,1,1,1,1,1,1,1,1,1,1,1,1,0,21,1
4412,1,1,1,1,1,1,0,0,0,0,1,0,1,1,1,1,1,1,1,1,0,6,15,1
4414,1,1,1,1,1,1,1,1,1,1,1,1,1,1,1,1,1,1,1,1,1,0,21,1
4429,1,1,1,1,1,1,1,1,0,1,1,0,1,1,1,1,1,1,1,0,1,3,18,1
4432,0,0,1,0,0,1,1,1,1,1,0,0,0,0,0,0,1,0,1,1,0,12,9,0
4439,1,1,1,1,1,0,0,1,0,1,1,0,1,1,1,1,1,1,0,1,1,5,16,1
4441,0,0,1,0,1,0,0,1,1,1,0,0,1,0,1,1,0,0,0,0,0,13,8,0
4444,1,1,1,1,1,1,1,0,0,1,1,0,1,1,0,0,0,1,1,1,1,6,15,1
4446,1,1,1,0,1,0,1,0,1,1,0,0,1,0,1,0,1,0,1,1,0,9,12,1
4447,1,1,1,1,1,1,1,1,1,0,1,1,1,1,1,1,1,1,1,1,1,1,20,1
4452,1,0,0,1,1,1,1,0,0,0,1,0,0,1,1,1,1,0,1,1,1,8,13,1
4455,0,0,0,0,1,0,0,0,0,0,0,0,0,0,1,0,0,0,0,0,0,19,2,0
4461,0,0,1,0,0,0,1,0,0,1,0,0,0,0,0,0,0,0,0,1,0,17,4,0
4469,1,1,1,1,1,1,1,1,1,1,1,1,1,1,1,1,1,1,1,1,1,0,21,1
4470,0,0,0,1,1,1,1,0,0,0,0,0,0,0,0,0,1,1,1,1,1,12,9,0
4473,0,1,1,0,0,0,1,1,0,0,0,0,0,0,0,0,0,0,0,0,0,17,4,0
4483,1,1,1,1,1,1,1,1,1,1,1,1,1,1,0,1,1,1,1,1,1,1,20,1
4485,1,0,1,1,1,0,1,1,0,1,1,0,1,1,0,1,1,0,1,1,1,6,15,1
4491,1,1,0,1,1,0,1,0,0,1,1,1,1,1,1,1,1,1,1,1,0,5,16,1
4492,0,1,1,0,1,0,1,0,0,1,0,0,0,0,0,1,1,1,1,0,1,11,10,0
4493,1,0,0,1,1,1,1,0,0,1,1,1,1,1,1,1,1,1,1,1,1,4,17,1
4496,0,0,0,1,1,1,0,0,0,0,0,0,1,1,0,0,0,0,0,0,0,16,5,0
4498,1,1,0,1,1,1,1,1,0,0,1,1,0,1,1,1,0,1,1,0,1,6,15,1
4501,1,0,0,1,1,1,1,1,0,1,1,1,1,1,1,1,1,0,1,1,1,4,17,1
4506,0,0,1,0,0,0,0,1,0,1,0,0,0,0,0,1,0,0,0,0,0,17,4,0
4512,0,0,0,0,1,0,0,0,0,0,0,0,0,0,0,0,0,0,0,0,0,20,1,0
4514,1,1,1,1,1,1,1,0,1,1,1,1,1,1,1,1,1,1,1,1,1,1,20,1
4517,0,0,0,0,0,0,0,0,0,1,0,0,0,0,0,0,0,0,0,0,0,20,1,0
4519,0,0,1,1,0,0,1,0,0,0,0,0,0,0,0,0,0,1,0,0,0,17,4,0
4521,1,1,1,1,0,1,1,1,0,1,1,1,1,1,1,1,1,1,1,1,1,2,19,1
4522,0,0,0,0,1,0,0,0,1,0,0,0,0,0,1,0,1,0,0,0,0,17,4,0
4524,1,1,1,1,1,1,1,1,0,1,1,1,1,1,1,1,1,1,1,1,1,1,20,1
4525,0,0,0,1,0,0,0,0,0,0,1,0,1,0,0,0,0,1,0,1,0,16,5,0
4527,1,1,1,1,1,1,1,1,1,1,1,1,0,1,1,1,1,1,1,1,1,1,20,1
4530,0,1,0,1,1,0,0,0,0,0,1,0,0,0,0,0,0,0,0,0,1,16,5,0
4531,1,1,1,1,1,1,1,1,1,1,1,1,1,1,1,1,1,1,1,1,1,0,21,1
4533,1,1,1,1,1,1,1,0,1,1,1,1,1,1,1,1,1,1,1,1,1,1,20,1
4536,0,0,0,0,0,0,0,0,0,0,0,0,0,0,0,0,0,0,0,0,0,21,0,0
4538,1,1,1,1,1,1,1,1,1,1,1,1,1,1,1,1,1,1,1,1,1,0,21,1
4539,1,1,1,1,1,1,1,1,1,1,1,1,1,1,1,1,1,1,1,1,1,0,21,1
4542,0,1,1,1,1,0,0,1,0,0,0,0,0,0,0,0,0,0,0,0,0,16,5,0
4559,1,1,1,1,1,1,1,1,0,0,1,1,0,1,0,0,1,1,1,1,1,5,16,1
4560,0,1,1,1,0,1,1,0,0,0,0,0,0,0,0,0,0,0,0,0,1,15,6,0
4562,1,1,1,1,1,1,1,0,1,1,1,1,1,1,1,1,1,1,1,1,1,1,20,1
4563,0,0,1,0,0,0,0,0,0,0,0,0,0,0,0,0,0,1,0,0,0,19,2,0
4566,1,1,1,1,0,1,0,1,0,1,1,1,1,1,1,1,1,1,1,1,1,3,18,1
4568,0,0,0,0,1,0,0,0,0,0,0,0,0,0,0,0,0,0,0,0,0,20,1,0
4570,0,0,0,0,0,0,0,0,0,0,0,0,0,0,0,0,0,0,0,0,0,21,0,0
4575,0,0,0,0,0,0,0,0,0,0,0,0,0,0,0,0,0,0,0,0,0,21,0,0
4576,0,0,1,0,0,0,0,0,0,0,0,0,0,0,1,0,0,0,1,0,0,18,3,0
4577,0,0,1,1,0,1,0,0,0,0,0,1,1,0,1,0,0,0,0,0,0,15,6,0
4587,1,0,0,1,1,0,1,1,0,1,1,1,0,1,1,0,1,0,1,0,1,8,13,1
4588,0,0,0,0,1,0,0,0,0,0,0,0,0,0,0,1,0,0,0,0,0,19,2,0
4590,0,0,1,0,0,1,1,0,1,1,1,0,1,0,0,0,0,0,1,1,0,12,9,0
4591,0,0,1,1,0,0,0,0,0,0,0,0,0,0,0,0,0,0,0,0,0,19,2,0
4593,1,1,1,1,1,1,1,1,0,1,1,1,1,1,1,1,1,1,1,1,1,1,20,1
4602,1,1,0,1,1,1,1,1,1,1,1,1,1,1,1,1,1,1,1,1,1,1,20,1
4609,1,1,1,1,1,1,1,1,0,0,1,1,1,1,1,1,1,1,1,1,1,2,19,1
4611,0,0,1,0,0,0,1,1,0,0,0,0,0,0,0,0,0,0,0,0,1,17,4,0
4612,1,1,1,1,1,0,1,1,0,1,1,0,1,1,1,1,1,1,1,1,1,3,18,1
4619,1,1,1,1,1,1,1,1,1,1,1,0,1,1,0,1,1,1,1,1,1,2,19,1
4621,0,0,0,0,1,0,1,0,1,1,0,0,0,0,0,1,1,0,0,0,0,15,6,0
4623,1,1,1,1,1,1,1,1,1,1,1,1,1,1,1,1,1,1,1,1,1,0,21,1
4624,1,1,1,1,1,1,1,1,1,1,1,1,1,1,1,1,1,1,1,1,1,0,21,1
4625,0,1,1,1,0,0,0,1,0,0,0,0,0,0,0,0,0,0,0,0,1,16,5,0
4626,1,1,1,1,1,0,1,0,0,0,1,1,1,1,1,1,1,1,1,1,1,4,17,1
4628,0,1,1,1,0,0,1,1,0,0,0,0,0,0,0,0,0,1,0,0,0,15,6,0
4635,0,0,0,0,0,0,0,0,0,0,0,0,0,0,0,0,0,0,0,0,0,21,0,0
4638,0,1,0,1,0,0,1,0,0,0,1,1,0,0,0,1,1,1,1,0,1,11,10,0
4639,0,1,1,0,1,0,0,0,0,0,1,0,0,0,1,1,1,0,1,1,0,12,9,0
4648,1,1,1,1,0,0,1,1,1,0,1,0,1,1,1,1,1,1,1,1,1,4,17,1
4655,1,1,1,0,0,0,1,1,0,0,1,0,0,0,1,1,1,0,1,1,1,9,12,1
4657,0,0,0,0,1,0,0,0,0,1,0,0,1,1,0,0,0,0,0,0,0,17,4,0
4658,0,0,0,0,0,0,0,0,0,0,0,0,0,0,0,0,0,0,0,0,0,21,0,0
4665,1,1,1,1,1,1,1,1,1,1,1,1,1,1,1,1,1,1,0,1,1,1,20,1
4675,0,0,1,0,0,0,0,0,0,0,0,0,0,0,0,0,0,0,0,0,0,20,1,0
4680,1,1,1,1,1,1,1,1,1,1,1,1,1,1,1,1,1,1,1,1,1,0,21,1
4681,1,0,1,1,1,1,1,1,0,1,1,1,1,1,1,1,1,0,1,1,1,3,18,1
4682,0,0,0,0,0,0,0,0,0,0,0,0,0,0,0,0,0,0,0,0,0,21,0,0
4683,0,1,1,1,0,0,0,1,0,1,0,0,0,0,0,0,0,0,0,0,0,16,5,0
4686,1,1,0,1,1,1,1,1,1,1,1,1,0,1,1,1,1,1,1,1,1,2,19,1
4690,0,0,0,0,1,0,0,0,0,0,0,0,0,0,0,0,0,0,0,0,0,20,1,0
4691,1,1,1,1,1,1,1,1,1,1,0,1,0,1,1,1,1,1,1,1,1,2,19,1
4697,1,1,1,1,1,1,1,1,1,1,1,1,1,1,1,1,1,1,1,1,1,0,21,1
4698,1,1,1,1,1,1,1,1,1,1,1,1,1,1,1,1,1,1,1,1,1,0,21,1
4699,0,0,0,1,0,0,0,0,0,0,0,0,0,0,0,0,0,0,0,0,0,20,1,0
4700,0,0,1,1,0,0,0,1,0,0,0,0,0,0,0,0,0,0,1,0,0,17,4,0
4701,0,1,0,1,1,0,1,0,0,1,0,0,1,1,0,0,0,1,1,0,1,11,10,0
4703,0,0,0,0,0,0,0,0,0,0,0,0,0,0,0,0,0,0,0,0,0,21,0,0
4704,1,1,0,1,1,1,1,1,0,1,1,1,1,1,1,1,1,1,1,1,1,2,19,1
4706,0,0,1,0,0,0,1,0,0,0,0,0,0,0,0,1,0,0,0,0,0,18,3,0
4718,1,1,1,1,0,1,1,1,1,1,1,1,1,1,0,0,0,1,0,1,0,6,15,1
4725,1,0,0,1,1,0,1,1,0,1,1,1,1,1,1,1,1,0,1,1,1,5,16,1
4726,0,0,1,0,0,0,0,0,0,1,0,0,0,0,0,0,0,0,1,1,0,17,4,0
4728,1,1,0,1,1,1,1,1,1,1,1,1,1,1,1,1,1,1,1,1,1,1,20,1
4730,0,0,1,0,0,0,0,1,0,0,0,0,0,0,0,0,0,0,0,0,0,19,2,0
4731,0,0,0,0,1,0,0,0,0,0,1,0,1,1,0,0,0,0,0,1,0,16,5,0
4736,1,1,1,1,1,1,1,1,0,1,1,1,1,1,1,1,1,1,1,1,1,1,20,1
4739,0,0,1,0,0,0,1,0,0,0,0,0,0,0,0,0,0,0,0,0,0,19,2,0
4740,1,0,1,1,0,1,0,0,0,1,1,0,1,1,1,1,0,0,1,1,0,9,12,1
4742,0,0,1,0,0,0,0,1,0,1,0,0,0,0,1,1,0,0,0,0,0,16,5,0
4745,1,1,1,1,1,1,1,1,1,1,1,1,1,1,1,1,1,1,1,1,1,0,21,1
4746,1,1,0,1,1,1,0,0,1,0,1,0,1,1,1,0,1,1,1,1,1,6,15,1
4757,0,1,1,1,0,0,1,0,0,0,0,0,0,0,1,0,0,1,1,0,1,13,8,0
